Pattern,Score,MarketState,IsBargain,KeepDuration,Result,TransactionCount,MarketState,TimeDiff,PriceDiff,Name,Strategy,BidRatio,OrderBuyTimeDiff,BuyPrice,BuyTime,GlobalMinBuyRatio,GlobalMaxBuyRatio,BuyMinRatio,BuyMaxRatio,BuyPeak,AllPeaks,TransactionCount,TotalLimit,TotalVsLongSellWall,TransactionCountBuyRatio,TotalVsSellWall,BuyVsSellWall,TotalVsBuyRatio,TotalVsLongBuyWall,TotalVsBuyWall
Predict;7.60041;-5.90575;6.78439;-3.12374;5.34211;-5.58733;6.78664;-4.45533;540;270;210;750;1812;1515;512;734;0;0;0;0;0;0;0;0;0;0;0;0;0;0;0;0;0;0;0;0;0;0;0;0;0;0;0;0;0;0;0;0;0;0;0;0;0;0;0;0;0;0;0;0;0;0;0;0;0;0;0;0;0;0;0;0;0;0;0;0;0;0;0;0;0;0;0;0;0;0;0;0;0;0;0;0;0;0;0;0;0;0;0;0;0;0;0;0;0;0;0;0;0;0;0;0;0;0;0;0;0;0;0;0;0;0;0;0;0;0;0;0;0;0;0;0;0;0;0;0;0;0;0;0;0;0;0;0;0;0;0;0;0;0;0;0;0;0;0;0;0;0;0;0;0;0;0;0;0;0;0;0;0;0;0;0;0;0;0;0;0;0;0;0;0;0;0;0;0;0;0;0;0;0;0;0;0;0;0;0;0;0;0;0;0;0;0;0;0;0;0;0;0;0;0;0;0;0;0;0;0;0;0;0;0;0;0;0;0;0;0;0;0;0;0;0;0;0;0;0;0;0;0;0;0;0;0;0;0;0;0;0;4;0;0.226563;0;0;0;0;0;0;0;0;0;0;0;0;0;0;0;0;0;0;0;0;0;7;0;0.0371059;0;5;0;0.0421728;0;0;0;0;0;0;0;0;0;0;0;0;0;0;0;0;0;0;0;0;0;0;0;0;0;0;0;0;0;0;0;0;0;0;0;0;0;0;0;0;0;0;0;0;0;0;0;0;0;0;0;0;0;0;0;0;0;0;0;0;0;4;0;0.222812;0;0;0;0;0;0;0;0;0;0;0;0;0;0;0;0;0;0;0;0;0;0;0;0;0;0;0;0;0;0;0;0;0;0;0;0;0;3;0;0.00522301;0;0;0;0;0;0;0;0;0;0;0;0;0;50;1;2.10185;0.07353;3;1;0.0636988;0.0133874;0;5;0;0.218582;0;0;0;0;0;0;0;0,,Downs:1;Ups:0Downs:1;Ups:3,true,10,[[4.26299270e-06 9.99995737e-01]];[[1.36844815e-04 9.99863155e-01]];[[5.40589554e-05 9.99945941e-01]],83,HORRIBLE,3,0.000286,LINK,CURVE_BIN_LEARNER,0.997825,1.000000,0.000736,2020-Nov-30 13:13:51,0.999715,1.044553,0.998151,0.957262,0 &1.79769e+308 ,0.0008831 20201124T050000&0.000848815 20201124T063000&0.000873505 20201124T083000&0.00078866 20201124T123000&0.00082177 20201124T203000&0.000685555 20201126T033000&0.00073766 20201126T123000&0.000696525 20201126T170000&0.00074378 20201126T203000&0.00072125 20201127T090000&0.00075978 20201128T151200&0.000719575 20201129T162700&0.00076841 20201130T005900&0.00073557 20201130T131351|0.0008831 20201124T050000&0.00078866 20201124T123000&0.00082177 20201124T203000&0.000685555 20201126T033000&0.00073766 20201126T123000&0.000696525 20201126T170000&0.00074378 20201126T203000&0.00072125 20201127T090000&0.00075978 20201128T151200&0.000719575 20201129T162700&0.00076841 20201130T005900&0.00073557 20201130T131351|0.0008831 20201124T050000&0.00078866 20201124T123000&0.00082177 20201124T203000&0.000685555 20201126T033000&0.00073766 20201126T123000&0.000696525 20201126T170000&0.00075978 20201128T151200&0.000719575 20201129T162700&0.00076841 20201130T005900&0.00073557 20201130T131351|0.0008831 20201124T050000&0.000685555 20201126T033000&0.00073766 20201126T123000&0.000696525 20201126T170000&0.00075978 20201128T151200&0.000719575 20201129T162700&0.00073557 20201130T131351|0.0008831 20201124T050000&0.000685555 20201126T033000&0.00073557 20201130T131351|0.0008831 20201124T050000&0.000685555 20201126T033000&0.00073557 20201130T131351|0.0008831 20201124T050000&0.000685555 20201126T033000&0.00073557 20201130T131351,7.5,2.77854,0.186367,0.0933333,0.555707,2.02349,0.10995,5.78361,3.64128
Predict;3.72195;-5.9251;4.08049;-4.84234;6.25;-5.41899;5.0838;-8.29016;369;417;93;120;207;403;312;725;0;0;0;0;0;0;0;0;0;0;0;0;0;0;0;0;0;0;0;0;0;0;0;0;0;0;0;0;0;0;0;0;0;0;0;0;0;0;0;0;0;0;0;0;0;0;0;0;0;0;0;0;0;0;0;0;0;0;0;0;0;0;0;0;0;0;0;0;0;0;0;0;0;0;0;0;0;0;0;0;0;0;0;0;0;0;0;0;0;0;0;0;0;0;0;0;0;0;0;0;0;0;0;0;0;0;0;0;0;0;0;0;0;0;0;0;0;0;0;0;0;0;0;0;0;0;0;0;0;0;0;0;0;0;0;0;0;0;0;0;0;0;0;0;0;0;0;0;0;0;0;0;0;0;0;0;0;0;0;0;0;0;0;0;0;0;0;0;0;0;0;0;0;0;0;0;6;0;0.491956;0;7;0;0.912216;0;0;0;0;0;0;0;0;0;1;0;0.0199553;0;0;0;0;0;0;0;0;0;0;0;0;0;0;0;0;0;0;0;0;0;0;0;0;0;0;0;0;0;0;0;0;0;0;0;0;0;0;0;0;0;0;0;0;0;0;0;0;0;0;0;0;0;0;0;0;0;0;0;0;0;0;0;0;0;0;0;0;0;0;0;0;0;2;0;0.139765;0;0;0;0;0;0;0;0;0;0;0;0;0;0;0;0;0;0;0;0;0;0;0;0;0;0;0;0;0;0;0;0;0;0;0;0;0;0;0;0;0;0;0;0;0;0;0;0;0;0;0;0;0;0;0;0;0;0;0;0;0;0;0;0;0;0;0;0;0;0;0;0;0;2;0;0.0291388;0;0;0;0;0;0;0;0;0;0;0;0;0;0;0;0;0;0;0;0;0;0;0;0;0;6;0;0.148107;0;8;1;0.513379;0.00690855;2;0;0.30275;0;3;0;0.176534;0;1;0;0.005208;0;15;0;1.03533;0;3;1;0.373362;0.00030415,,Downs:0;Ups:0Downs:1;Ups:1,true,10,[[0.06404509 0.93595491]];[[0.24923048 0.75076952]];[[0.00108844 0.99891156]],58,HORRIBLE,179,0.000000,ADA,CURVE_BIN_LEARNER,0.988493,0.000000,0.000009,2020-Nov-30 13:15:06,1.000000,1.082902,0.984465,0.923977,0 &1.79769e+308 ,8.39e-06 20201123T143000&8.07e-06 20201123T200000&9.79e-06 20201124T053000&9.03e-06 20201124T063000&9.365e-06 20201124T083000&8.39e-06 20201124T100000&8.645e-06 20201124T113000&8.24e-06 20201124T130000&8.525e-06 20201124T140000&8.345e-06 20201124T150000&8.86e-06 20201124T193000&8.59e-06 20201124T213000&9e-06 20201125T003000&8.52e-06 20201125T050000&8.975e-06 20201125T120000&8.72e-06 20201125T133000&8.925e-06 20201125T183000&8.12e-06 20201125T230000&8.415e-06 20201126T010000&7.24e-06 20201126T033000&7.705e-06 20201126T060000&7.41e-06 20201126T073000&8.045e-06 20201126T123000&7.665e-06 20201126T170000&8.215e-06 20201127T013000&7.995e-06 20201127T030000&8.165e-06 20201127T060000&7.865e-06 20201127T083000&8.435e-06 20201128T010000&8.26e-06 20201128T043000&9.7e-06 20201128T135100&9.505e-06 20201128T143300&9.835e-06 20201128T150300&9.135e-06 20201128T170900&9.34e-06 20201128T194500&9.14e-06 20201128T205100&9.475e-06 20201128T231800&8.975e-06 20201129T013600&9.185e-06 20201129T024800&8.945e-06 20201129T061500&9.31e-06 20201129T074800&8.88e-06 20201129T094800&9.435e-06 20201129T131500&8.95e-06 20201129T195800&9.405e-06 20201130T011000&8.69e-06 20201130T131506|8.39e-06 20201123T143000&8.07e-06 20201123T200000&9.79e-06 20201124T053000&9.03e-06 20201124T063000&9.365e-06 20201124T083000&8.39e-06 20201124T100000&8.645e-06 20201124T113000&8.24e-06 20201124T130000&8.86e-06 20201124T193000&8.59e-06 20201124T213000&9e-06 20201125T003000&8.52e-06 20201125T050000&8.975e-06 20201125T120000&8.12e-06 20201125T230000&8.415e-06 20201126T010000&7.24e-06 20201126T033000&7.705e-06 20201126T060000&7.41e-06 20201126T073000&8.045e-06 20201126T123000&7.665e-06 20201126T170000&8.215e-06 20201127T013000&7.865e-06 20201127T083000&9.835e-06 20201128T150300&9.135e-06 20201128T170900&9.475e-06 20201128T231800&8.945e-06 20201129T061500&9.31e-06 20201129T074800&8.88e-06 20201129T094800&9.435e-06 20201129T131500&8.95e-06 20201129T195800&9.405e-06 20201130T011000&8.69e-06 20201130T131506|9.79e-06 20201124T053000&8.24e-06 20201124T130000&9e-06 20201125T003000&8.52e-06 20201125T050000&8.975e-06 20201125T120000&7.24e-06 20201126T033000&8.045e-06 20201126T123000&7.665e-06 20201126T170000&8.215e-06 20201127T013000&7.865e-06 20201127T083000&9.835e-06 20201128T150300&8.945e-06 20201129T061500&8.88e-06 20201129T094800&9.435e-06 20201129T131500&8.95e-06 20201129T195800&9.405e-06 20201130T011000&8.69e-06 20201130T131506|9.79e-06 20201124T053000&8.24e-06 20201124T130000&9e-06 20201125T003000&8.52e-06 20201125T050000&8.975e-06 20201125T120000&7.24e-06 20201126T033000&9.835e-06 20201128T150300&8.88e-06 20201129T094800&9.435e-06 20201129T131500&8.95e-06 20201129T195800&8.69e-06 20201130T131506|9.79e-06 20201124T053000&8.24e-06 20201124T130000&9e-06 20201125T003000&7.24e-06 20201126T033000&9.835e-06 20201128T150300&8.88e-06 20201129T094800&9.435e-06 20201129T131500&8.69e-06 20201130T131506|9.79e-06 20201124T053000&8.24e-06 20201124T130000&9e-06 20201125T003000&7.24e-06 20201126T033000&9.835e-06 20201128T150300&8.69e-06 20201130T131506|9.79e-06 20201124T053000&8.24e-06 20201124T130000&9e-06 20201125T003000&7.24e-06 20201126T033000&9.835e-06 20201128T150300&8.69e-06 20201130T131506,5.3,3.08252,0.275181,0.0566038,0.616504,12.5355,0.00245827,22.0264,20.3332
Predict;6.24453;-9.37218;4.14539;-3.89571;4.31525;-7.20665;4.12689;-4.35185;90;450;720;1050;1044;1458;673;593;0;0;0;0;0;0;0;0;0;0;0;0;0;0;0;0;0;0;0;0;0;0;0;0;0;0;0;0;0;0;0;0;0;0;0;0;0;0;0;0;0;0;0;0;0;0;0;0;0;0;0;0;0;0;0;0;0;0;0;0;0;0;0;0;0;0;0;0;0;0;0;0;0;0;0;0;0;0;0;0;0;0;0;0;6;1;0.2501;0.04863;0;0;0;0;1;0;0.00859086;0;0;0;0;0;0;0;0;0;0;5;0;0.577141;0;3;0;0.45006;0;0;0;0;0;0;0;0;0;0;0;0;0;0;0;0;0;1;0;0.0356108;0;4;0;0.133324;0;0;0;0;0;0;0;0;0;0;0;0;0;0;0;0;0;0;0;0;0;0;0;0;0;2;0;0.110631;0;0;0;0;0;0;0;0;0;0;0;0;0;0;0;0;0;0;0;0;0;0;0;0;0;0;0;0;0;0;0;0;0;0;0;0;0;0;0;0;0;0;0;0;0;0;0;0;0;0;0;0;0;0;0;0;0;0;0;0;0;0;0;0;0;0;0;0;0;0;0;0;0;0;0;0;0;0;0;0;0;0;0;0;0;0;0;0;0;0;0;0;0;0;0;0;0;0;0;0;0;0;0;0;0;0;0;0;0;0;0;0;0;0;0;0;0;0;0;0;0;0;0;0;0;0;0;0;0;0;0;0;0;0;0;0;0;0;0;0;0;0;0;0;1;0;0.0517772;0;0;0;0;0;0;0;0;0;0;0;0;0;0;0;0;0;0;0;0;0;0;0;0;0;0;0;0;0;0;1;0;0.00084888;0;0;0;0;0;0;0;0;0;0;0;0;0;0;0;0;0;0;0;0;0;0;0;0;0;0;0;0;0;0;0;0;0;4;0;5.22654;0;0;0;0;0;0;0;0;0;1;0;0.000541414;0;0;0;0;0;1;0;0.00108769,,Downs:0;Ups:0Downs:1;Ups:3,true,10,[[0.21073194 0.78926806]];[[5.80142122e-04 9.99419858e-01]];[[9.10933412e-05 9.99908907e-01]],31,HORRIBLE,63,0.000309,EOS,CURVE_BIN_LEARNER,0.995060,0.000000,0.000162,2020-Nov-30 13:18:14,0.999691,1.043519,0.992289,0.958888,0 &1.79769e+308 ,0.0002003 20201124T053000&0.0001926 20201124T063000&0.00019915 20201124T083000&0.00017705 20201124T123000&0.00019045 20201124T203000&0.00018185 20201125T050000&0.0001977 20201125T160000&0.00017135 20201126T080000&0.00018205 20201126T093000&0.00016645 20201126T170000&0.00017335 20201127T050000&0.00016685 20201127T223000&0.00017405 20201128T155400&0.0001655 20201129T012700&0.00016905 20201129T111500&0.00016235 20201129T161200&0.000169 20201130T002500&0.0001652 20201130T021800&0.00016905 20201130T032500&0.0001621 20201130T131814|0.0002003 20201124T053000&0.0001926 20201124T063000&0.00019915 20201124T083000&0.00017705 20201124T123000&0.00019045 20201124T203000&0.00018185 20201125T050000&0.0001977 20201125T160000&0.00017135 20201126T080000&0.00018205 20201126T093000&0.00016645 20201126T170000&0.00017335 20201127T050000&0.00016685 20201127T223000&0.00017405 20201128T155400&0.00016235 20201129T161200&0.00016905 20201130T032500&0.0001621 20201130T131814|0.0002003 20201124T053000&0.00017705 20201124T123000&0.00019045 20201124T203000&0.00018185 20201125T050000&0.0001977 20201125T160000&0.00017135 20201126T080000&0.00018205 20201126T093000&0.00016645 20201126T170000&0.00017405 20201128T155400&0.00016235 20201129T161200&0.0001621 20201130T131814|0.0002003 20201124T053000&0.00017705 20201124T123000&0.0001977 20201125T160000&0.00017135 20201126T080000&0.00018205 20201126T093000&0.0001621 20201130T131814|0.0002003 20201124T053000&0.00017705 20201124T123000&0.0001977 20201125T160000&0.00017135 20201126T080000&0.00018205 20201126T093000&0.0001621 20201130T131814|0.0002003 20201124T053000&0.00017705 20201124T123000&0.0001977 20201125T160000&0.0001621 20201130T131814|0.0002003 20201124T053000&0.00017705 20201124T123000&0.0001977 20201125T160000&0.0001621 20201130T131814,1.9,5.39321,0.762595,0.842105,1.07864,1.46809,0.971909,2.16027,1.36106
Predict;8.41924;-6.37222;6.84423;-7.75247;6.29038;-4.86414;3.72358;-3.16984;1653;669;345;528;889;125;44;179;0;0;0;0;0;0;0;0;0;0;0;0;0;0;0;0;0;0;0;0;0;0;0;0;0;0;0;0;0;0;0;0;0;0;0;0;0;0;0;0;0;0;0;0;0;0;0;0;0;0;0;0;0;0;0;0;0;0;0;0;0;0;0;0;0;0;0;0;0;0;0;0;0;0;0;0;1;0;0.01505;0;0;0;0;0;0;0;0;0;0;0;0;0;0;0;0;0;0;0;0;0;0;0;0;0;0;0;0;0;0;0;0;0;0;0;0;0;0;0;0;0;0;0;0;0;0;0;0;0;0;0;0;0;0;0;0;0;1;0;0.00274813;0;0;0;0;0;0;0;0;0;0;0;0;0;0;0;0;0;0;0;0;0;0;0;0;0;0;0;0;0;0;0;0;0;0;0;0;0;0;0;0;0;0;0;0;0;0;0;0;0;0;0;0;0;0;0;0;0;0;0;0;0;0;0;0;0;0;0;0;0;0;0;0;0;0;0;0;0;0;0;0;0;0;0;0;0;0;0;0;0;0;0;0;0;0;0;0;0;0;0;0;0;0;0;0;0;0;0;0;0;0;0;0;0;0;0;0;0;0;0;0;0;0;0;0;0;0;0;0;0;0;0;0;0;0;1;0;0.00208154;0;0;0;0;0;0;0;0;0;0;0;0;0;0;0;0;0;0;0;0;0;0;0;0;0;0;0;0;0;0;0;0;0;0;0;0;0;0;0;0;0;0;0;0;0;0;0;0;0;0;0;0;0;0;0;0;0;0;0;0;0;0;0;0;0;0;0;0;0;0;0;0;0;0;0;0;0;0;0;0;0;0;0;0;0;0;0;0;0;0;0;0;0;0;0;0;0;0;0;0;0;0;0;0;3;24;0.29604;3.27952;0;1;0;0.002646;2;1;0.0756466;0.050247;5;3;0.247763;0.0177781;0;0;0;0,,Downs:0;Ups:2Downs:1;Ups:4,true,9,[[0.20328058 0.79671942]];[[0.00713739 0.99286261]];[[0.00500786 0.99499214]],42,HORRIBLE,1,0.000334,QTUM,CURVE_BIN_LEARNER,1.000670,18.000000,0.000149,2020-Nov-30 13:22:18,0.994661,1.043043,0.998995,0.965718,0 &1.79769e+308 ,0.0001436 20201123T163000&0.00017125 20201124T043000&0.0001588 20201124T063000&0.00016715 20201124T083000&0.00014955 20201124T100000&0.0001535 20201124T110000&0.00014635 20201124T123000&0.00016275 20201124T203000&0.0001586 20201124T223000&0.0001631 20201125T013000&0.0001529 20201125T050000&0.000161 20201125T110000&0.00015695 20201125T140000&0.0001694 20201125T183000&0.00014355 20201126T080000&0.0001496 20201126T123000&0.0001414 20201126T183000&0.00015105 20201127T053000&0.0001455 20201127T113000&0.00015325 20201128T020000&0.0001497 20201128T090000&0.00015775 20201128T150300&0.0001483 20201129T021200&0.00015845 20201129T075700&0.00014705 20201129T164500&0.00015575 20201130T044800&0.0001526 20201130T055900&0.0001563 20201130T073400&0.00014905 20201130T093900&0.0001546 20201130T102300&0.0001493 20201130T132218|0.0001436 20201123T163000&0.00017125 20201124T043000&0.0001588 20201124T063000&0.00016715 20201124T083000&0.00014635 20201124T123000&0.0001631 20201125T013000&0.0001529 20201125T050000&0.0001694 20201125T183000&0.00014355 20201126T080000&0.0001496 20201126T123000&0.0001414 20201126T183000&0.00015105 20201127T053000&0.0001455 20201127T113000&0.00015775 20201128T150300&0.0001483 20201129T021200&0.00015845 20201129T075700&0.00014705 20201129T164500&0.0001563 20201130T073400&0.00014905 20201130T093900&0.0001546 20201130T102300&0.0001493 20201130T132218|0.00017125 20201124T043000&0.0001588 20201124T063000&0.00016715 20201124T083000&0.00014635 20201124T123000&0.0001631 20201125T013000&0.0001529 20201125T050000&0.0001694 20201125T183000&0.00014355 20201126T080000&0.0001496 20201126T123000&0.0001414 20201126T183000&0.00015775 20201128T150300&0.0001483 20201129T021200&0.00015845 20201129T075700&0.00014705 20201129T164500&0.0001563 20201130T073400&0.0001493 20201130T132218|0.00017125 20201124T043000&0.0001588 20201124T063000&0.00016715 20201124T083000&0.00014635 20201124T123000&0.0001631 20201125T013000&0.0001529 20201125T050000&0.0001694 20201125T183000&0.0001414 20201126T183000&0.00015775 20201128T150300&0.0001483 20201129T021200&0.00015845 20201129T075700&0.00014705 20201129T164500&0.0001493 20201130T132218|0.00017125 20201124T043000&0.00014635 20201124T123000&0.0001631 20201125T013000&0.0001529 20201125T050000&0.0001694 20201125T183000&0.0001414 20201126T183000&0.00015845 20201129T075700&0.00014705 20201129T164500&0.0001493 20201130T132218|0.00017125 20201124T043000&0.00014635 20201124T123000&0.0001694 20201125T183000&0.0001414 20201126T183000&0.00015845 20201129T075700&0.0001493 20201130T132218|0.00017125 20201124T043000&0.00014635 20201124T123000&0.0001694 20201125T183000&0.0001414 20201126T183000&0.0001493 20201130T132218,4.6,4.22079,0.53131,0.73913,0.844159,0.170515,0.852406,0.602257,0.201994
Predict;10.6838;-8.82353;7.14286;-10.0324;7.11974;-10.8259;4.79911;-5.6243;1011;408;321;891;99;706;7;456;0;0;0;0;0;0;0;0;0;0;0;0;0;0;0;0;0;0;0;0;0;0;0;0;0;0;0;0;0;0;0;0;0;0;0;0;0;0;0;0;0;0;0;0;0;0;0;0;0;0;0;0;0;0;0;0;0;0;0;0;0;0;0;0;0;0;0;0;0;0;0;0;0;0;0;0;0;0;0;0;0;0;0;0;0;0;0;0;0;0;0;0;0;0;0;0;0;0;0;0;0;0;0;0;0;0;0;0;13;45;0.385684;0.350688;0;0;0;0;0;0;0;0;0;0;0;0;0;0;0;0;0;0;0;0;0;0;0;0;0;0;0;0;1;0;0.00101565;0;0;0;0;0;0;0;0;0;0;0;0;0;0;0;0;0;0;0;0;0;0;0;0;0;0;0;0;0;0;0;0;0;0;0;0;0;0;0;0;0;0;0;0;0;0;0;0;0;0;0;0;0;0;0;0;0;0;0;0;0;0;0;0;0;0;0;0;0;0;0;0;0;0;0;0;0;0;0;0;0;0;0;0;0;0;0;0;0;0;0;0;0;0;0;0;0;0;0;0;0;0;0;0;0;0;0;0;0;0;0;0;0;0;0;0;0;0;0;0;0;0;0;0;0;0;0;0;0;0;0;0;0;0;0;0;0;0;0;0;0;0;0;0;0;0;0;0;0;0;0;0;0;0;0;0;0;0;0;0;0;0;0;0;0;0;0;0;0;0;0;0;0;0;0;0;0;0;0;0;0;0;0;0;0;0;0;0;0;0;0;0;0;0;0;0;0;0;0;0;0;0;0;0;0;0;0;0;0;0;0;0;0;0;0;0;0;0;0;0;0;0;0;0;0;0;0;0;0;0;1;0;0.0141799;0;0;0;0;6;23;0.925355;0.143363;1;8;0.00145232;0.0852514;1;2;0.0665818;0.000603865;0;0;0;0;0;3;0;0.0156898,,Downs:0;Ups:2Downs:0;Ups:4,true,10,[[0.05733437 0.94266563]];[[0.04959928 0.95040072]];[[0.17393199 0.82606801]],104,HORRIBLE,3,0.001126,AVA,CURVE_BIN_LEARNER,1.022523,0.000000,0.000044,2020-Nov-30 13:29:37,0.998875,1.041620,0.989865,0.974753,0 &1.79769e+308 ,4.67e-05 20201123T183000&4.48e-05 20201124T020000&4.69e-05 20201124T040000&4.445e-05 20201124T070000&4.61e-05 20201124T083000&4.24e-05 20201124T100000&4.55e-05 20201124T103000&4.37e-05 20201124T120000&4.64e-05 20201124T140000&4.51e-05 20201124T153000&4.98e-05 20201124T203000&4.76e-05 20201125T003000&4.995e-05 20201125T020000&4.73e-05 20201125T060000&5.14e-05 20201125T100000&4.905e-05 20201125T113000&5.16e-05 20201125T123000&4.965e-05 20201125T133000&5.085e-05 20201125T160000&4.625e-05 20201125T230000&4.74e-05 20201126T010000&4.46e-05 20201126T080000&4.665e-05 20201126T113000&4.535e-05 20201126T150000&4.69e-05 20201126T160000&4.43e-05 20201126T180000&4.935e-05 20201127T113000&4.68e-05 20201127T203000&5.18e-05 20201128T132100&4.76e-05 20201128T200900&5.1e-05 20201129T013000&4.635e-05 20201129T162100&4.965e-05 20201129T180000&4.48e-05 20201130T054600&4.695e-05 20201130T055300&4.53e-05 20201130T095700&4.63e-05 20201130T105600&4.395e-05 20201130T133001&4.44e-05 20201130T132937|4.67e-05 20201123T183000&4.48e-05 20201124T020000&4.69e-05 20201124T040000&4.445e-05 20201124T070000&4.61e-05 20201124T083000&4.24e-05 20201124T100000&4.55e-05 20201124T103000&4.37e-05 20201124T120000&4.98e-05 20201124T203000&4.76e-05 20201125T003000&4.995e-05 20201125T020000&4.73e-05 20201125T060000&5.14e-05 20201125T100000&4.905e-05 20201125T113000&5.16e-05 20201125T123000&4.46e-05 20201126T080000&4.69e-05 20201126T160000&4.43e-05 20201126T180000&4.935e-05 20201127T113000&4.68e-05 20201127T203000&5.18e-05 20201128T132100&4.76e-05 20201128T200900&5.1e-05 20201129T013000&4.635e-05 20201129T162100&4.965e-05 20201129T180000&4.48e-05 20201130T054600&4.695e-05 20201130T055300&4.395e-05 20201130T133001&4.44e-05 20201130T132937|4.48e-05 20201124T020000&4.69e-05 20201124T040000&4.24e-05 20201124T100000&4.98e-05 20201124T203000&4.76e-05 20201125T003000&4.995e-05 20201125T020000&4.73e-05 20201125T060000&5.14e-05 20201125T100000&4.905e-05 20201125T113000&5.16e-05 20201125T123000&4.46e-05 20201126T080000&4.69e-05 20201126T160000&4.43e-05 20201126T180000&4.935e-05 20201127T113000&4.68e-05 20201127T203000&5.18e-05 20201128T132100&4.76e-05 20201128T200900&5.1e-05 20201129T013000&4.635e-05 20201129T162100&4.965e-05 20201129T180000&4.48e-05 20201130T054600&4.695e-05 20201130T055300&4.44e-05 20201130T132937|4.24e-05 20201124T100000&4.995e-05 20201125T020000&4.73e-05 20201125T060000&5.16e-05 20201125T123000&4.46e-05 20201126T080000&4.69e-05 20201126T160000&4.43e-05 20201126T180000&4.935e-05 20201127T113000&4.68e-05 20201127T203000&5.18e-05 20201128T132100&4.76e-05 20201128T200900&5.1e-05 20201129T013000&4.635e-05 20201129T162100&4.965e-05 20201129T180000&4.44e-05 20201130T132937|4.24e-05 20201124T100000&5.16e-05 20201125T123000&4.43e-05 20201126T180000&5.18e-05 20201128T132100&4.76e-05 20201128T200900&5.1e-05 20201129T013000&4.635e-05 20201129T162100&4.965e-05 20201129T180000&4.44e-05 20201130T132937|4.24e-05 20201124T100000&5.16e-05 20201125T123000&4.43e-05 20201126T180000&5.18e-05 20201128T132100&4.76e-05 20201128T200900&4.635e-05 20201129T162100&4.965e-05 20201129T180000&4.44e-05 20201130T132937|4.24e-05 20201124T100000&5.16e-05 20201125T123000&4.43e-05 20201126T180000&5.18e-05 20201128T132100&4.44e-05 20201130T132937,5,1.26172,1.64588,0.8,0.252345,0.0209929,0.208741,0.352061,0.0831913
Predict;7.51852;-6.29806;5.78543;-8.60902;4.3985;-4.28089;6.04581;-9.16119;540;930;420;933;132;549;531;588;0;0;0;0;0;0;0;0;0;0;0;0;0;0;0;0;0;0;0;0;0;0;0;0;0;0;0;0;0;0;0;0;0;0;0;0;0;0;0;0;0;0;0;0;0;0;0;0;0;0;0;0;0;0;0;0;0;0;0;0;0;0;0;0;0;0;0;0;0;0;0;0;0;0;0;0;0;0;0;0;0;0;0;0;0;0;0;0;0;0;0;0;0;0;0;0;0;0;0;0;0;0;0;0;0;0;0;0;0;0;0;0;0;0;0;0;0;0;0;0;0;0;0;0;0;0;0;0;0;0;0;0;0;0;0;0;0;0;0;0;0;0;0;0;0;0;0;0;0;0;0;0;0;0;0;0;0;0;0;0;0;0;0;0;0;0;0;0;0;0;0;0;0;0;0;0;0;0;0;0;0;0;0;0;0;0;0;0;0;0;0;0;0;0;0;0;0;0;0;0;0;0;0;0;0;0;0;0;0;0;0;0;0;0;0;0;0;0;0;0;0;0;0;0;0;0;0;0;0;0;0;0;0;0;0;0;0;0;0;0;0;0;0;0;0;0;0;0;0;0;0;0;0;0;0;0;0;0;0;0;0;0;0;0;0;0;0;0;0;0;0;0;0;0;0;0;0;0;0;0;0;0;0;0;0;0;0;0;0;0;0;0;0;0;0;0;0;0;0;0;0;0;0;0;0;0;0;0;0;0;0;0;0;0;0;0;0;0;0;0;0;0;0;0;0;0;0;0;0;0;0;0;0;0;0;0;0;0;0;0;0;0;0;0;0;0;0;0;0;0;0;0;0;0;0;0;0;0;0;0;0;0;0;0;0;0;0;0;0;0;0;0;0;0;0;0;0;0;0;0;9;20;0.309636;1.07483;0;1;0;0.00076405;1;0;0.0010352;0;13;7;0.501437;0.0681799;0;1;0;0.00103391,,Downs:0;Ups:0Downs:1;Ups:3,true,9,[[0.10880535 0.89119465]];[[0.12825706 0.87174294]];[[0.03309325 0.96690675]],52,HORRIBLE,1,0.000387,TRB,CURVE_BIN_LEARNER,1.002324,1.000000,0.001291,2020-Nov-30 13:33:17,0.999613,1.041361,0.996514,0.958426,0 &1.79769e+308 ,0.00173 20201123T190000&0.001818 20201124T013000&0.001733 20201124T063000&0.001769 20201124T083000&0.0016075 20201124T100000&0.001656 20201124T110000&0.001565 20201124T130000&0.0016425 20201125T013000&0.0015605 20201125T083000&0.001688 20201125T133000&0.0016495 20201125T140000&0.0016865 20201125T180000&0.0013195 20201126T033000&0.0013935 20201126T050000&0.0013425 20201126T073000&0.0014375 20201126T130000&0.0013755 20201126T170000&0.0014505 20201127T013000&0.0014135 20201127T030000&0.0014535 20201127T053000&0.00135 20201127T083000&0.0014515 20201127T173000&0.0013655 20201128T090000&0.0014445 20201128T160000&0.00133 20201129T073300&0.0013885 20201129T094500&0.001356 20201129T122100&0.0013885 20201129T140300&0.0013315 20201129T185400&0.001412 20201130T034500&0.0013185 20201130T091300&0.001347 20201130T121100&0.001291 20201130T133317|0.00173 20201123T190000&0.001818 20201124T013000&0.0016075 20201124T100000&0.001656 20201124T110000&0.001565 20201124T130000&0.0016425 20201125T013000&0.0015605 20201125T083000&0.001688 20201125T133000&0.0013195 20201126T033000&0.0013935 20201126T050000&0.0013425 20201126T073000&0.0014375 20201126T130000&0.0013755 20201126T170000&0.0014535 20201127T053000&0.00135 20201127T083000&0.0014515 20201127T173000&0.0013655 20201128T090000&0.0014445 20201128T160000&0.00133 20201129T073300&0.0013885 20201129T094500&0.0013315 20201129T185400&0.001412 20201130T034500&0.001291 20201130T133317|0.00173 20201123T190000&0.001818 20201124T013000&0.001565 20201124T130000&0.0016425 20201125T013000&0.0015605 20201125T083000&0.001688 20201125T133000&0.0013195 20201126T033000&0.0014375 20201126T130000&0.0013755 20201126T170000&0.0014535 20201127T053000&0.00135 20201127T083000&0.0014515 20201127T173000&0.0013655 20201128T090000&0.0014445 20201128T160000&0.00133 20201129T073300&0.0013885 20201129T094500&0.0013315 20201129T185400&0.001412 20201130T034500&0.001291 20201130T133317|0.00173 20201123T190000&0.001818 20201124T013000&0.0015605 20201125T083000&0.001688 20201125T133000&0.0013195 20201126T033000&0.0014535 20201127T053000&0.00135 20201127T083000&0.0014515 20201127T173000&0.0013655 20201128T090000&0.0014445 20201128T160000&0.00133 20201129T073300&0.001412 20201130T034500&0.001291 20201130T133317|0.0015605 20201125T083000&0.001688 20201125T133000&0.0013195 20201126T033000&0.0014535 20201127T053000&0.00135 20201127T083000&0.0014515 20201127T173000&0.00133 20201129T073300&0.001291 20201130T133317|0.0015605 20201125T083000&0.001688 20201125T133000&0.0013195 20201126T033000&0.0014535 20201127T053000&0.00135 20201127T083000&0.0014515 20201127T173000&0.001291 20201130T133317|0.0015605 20201125T083000&0.001688 20201125T133000&0.0013195 20201126T033000&0.0014535 20201127T053000&0.001291 20201130T133317,5.6,2.0242,1.09278,0.589286,0.404839,0.254323,0.598799,0.642467,0.628208
Predict;12.5874;-7.33333;14.3333;-8.20189;3.15457;-4.47284;7.34824;-12.3746;426;501;456;381;54;63;527;748;0;0;0;0;0;0;0;0;0;0;0;0;0;0;0;0;0;0;0;0;0;0;0;0;0;0;0;0;0;0;0;0;0;0;0;0;0;0;0;0;0;0;0;0;0;0;0;0;0;0;0;0;0;0;0;0;0;0;0;0;0;0;0;0;0;0;0;0;0;0;0;0;0;0;0;0;0;0;0;0;0;0;0;0;0;0;0;0;0;0;0;0;0;0;0;0;0;0;0;0;0;0;0;0;0;0;0;0;0;0;0;0;0;0;0;0;0;0;0;0;0;0;0;0;0;0;0;0;0;0;0;0;0;0;0;0;0;0;0;0;0;0;0;0;0;0;0;0;0;0;0;0;0;0;0;0;0;0;0;0;0;0;0;0;0;0;0;0;0;0;0;0;0;0;0;0;0;0;0;0;0;0;0;0;0;0;0;0;0;0;0;0;0;0;0;0;0;0;0;0;0;0;0;0;0;0;0;0;0;0;0;0;0;0;0;0;0;0;0;0;0;0;0;0;0;0;0;0;0;0;0;0;0;0;0;0;3;0;0.0628085;0;0;0;0;0;2;0;0.00750621;0;3;0;0.0109928;0;1;0;0.00236466;0;0;0;0;0;10;0;0.233801;0;5;0;0.582987;0;0;0;0;0;0;0;0;0;0;0;0;0;0;0;0;0;0;0;0;0;0;0;0;0;0;0;0;0;0;0;0;0;0;0;0;0;0;0;0;0;0;0;0;0;0;0;0;0;0;0;0;0;0;0;0;0;0;0;0;0;0;0;0;0;0;0;0;0;0;0;0;0;25;1;0.307193;0.00114911;0;0;0;0;0;0;0;0;0;0;0;0;0;0;0;0;0;0;0;0;1;3;0.431756;0.0893505;0;1;0;0.047082;0;4;0;0.123756;0;0;0;0;98;3;3.5614;0.109166;1;0;0.02384;0;0;0;0;0;0;0;0;0;0;1;0;0.0157185,,Downs:0;Ups:1Downs:2;Ups:3,true,10,[[1.65205969e-05 9.99983479e-01]];[[7.48253444e-07 9.99999252e-01]];[[0.33290744 0.66709256]],162,OK,4,0.003356,ZIL,CURVE_BIN_LEARNER,0.993333,0.000000,0.000002,2020-Nov-30 13:36:28,0.996656,1.076923,0.993333,0.967742,0 &1.79769e+308 ,1.395e-06 20201124T053000&1.305e-06 20201124T070000&1.375e-06 20201124T083000&1.22e-06 20201124T123000&1.555e-06 20201125T053000&1.515e-06 20201125T070000&1.765e-06 20201125T093000&1.675e-06 20201125T103000&1.825e-06 20201125T123000&1.7e-06 20201125T133000&1.74e-06 20201125T143000&1.655e-06 20201125T180000&1.7e-06 20201125T190000&1.525e-06 20201125T230000&1.66e-06 20201126T013000&1.42e-06 20201126T033000&1.485e-06 20201126T063000&1.38e-06 20201126T083000&1.545e-06 20201126T130000&1.42e-06 20201126T170000&1.53e-06 20201127T010000&1.4e-06 20201127T113000&1.475e-06 20201128T010000&1.43e-06 20201128T090000&1.605e-06 20201128T134200&1.57e-06 20201128T135700&1.61e-06 20201128T160600&1.53e-06 20201128T170900&1.565e-06 20201128T195700&1.5e-06 20201129T002700&1.715e-06 20201129T080300&1.6e-06 20201129T113300&1.64e-06 20201129T120300&1.585e-06 20201129T142400&1.635e-06 20201129T151800&1.565e-06 20201129T162100&1.635e-06 20201129T190600&1.59e-06 20201130T001300&1.68e-06 20201130T010800&1.57e-06 20201130T054700&1.61e-06 20201130T071200&1.515e-06 20201130T093800&1.55e-06 20201130T110600&1.5e-06 20201130T133628|1.395e-06 20201124T053000&1.305e-06 20201124T070000&1.375e-06 20201124T083000&1.22e-06 20201124T123000&1.765e-06 20201125T093000&1.675e-06 20201125T103000&1.825e-06 20201125T123000&1.525e-06 20201125T230000&1.66e-06 20201126T013000&1.42e-06 20201126T033000&1.485e-06 20201126T063000&1.38e-06 20201126T083000&1.545e-06 20201126T130000&1.42e-06 20201126T170000&1.53e-06 20201127T010000&1.4e-06 20201127T113000&1.475e-06 20201128T010000&1.43e-06 20201128T090000&1.61e-06 20201128T160600&1.5e-06 20201129T002700&1.715e-06 20201129T080300&1.585e-06 20201129T142400&1.635e-06 20201129T151800&1.565e-06 20201129T162100&1.68e-06 20201130T010800&1.5e-06 20201130T133628|1.395e-06 20201124T053000&1.305e-06 20201124T070000&1.375e-06 20201124T083000&1.22e-06 20201124T123000&1.765e-06 20201125T093000&1.675e-06 20201125T103000&1.825e-06 20201125T123000&1.525e-06 20201125T230000&1.66e-06 20201126T013000&1.42e-06 20201126T033000&1.485e-06 20201126T063000&1.38e-06 20201126T083000&1.545e-06 20201126T130000&1.42e-06 20201126T170000&1.53e-06 20201127T010000&1.4e-06 20201127T113000&1.61e-06 20201128T160600&1.5e-06 20201129T002700&1.715e-06 20201129T080300&1.565e-06 20201129T162100&1.68e-06 20201130T010800&1.5e-06 20201130T133628|1.395e-06 20201124T053000&1.305e-06 20201124T070000&1.375e-06 20201124T083000&1.22e-06 20201124T123000&1.765e-06 20201125T093000&1.675e-06 20201125T103000&1.825e-06 20201125T123000&1.525e-06 20201125T230000&1.66e-06 20201126T013000&1.38e-06 20201126T083000&1.545e-06 20201126T130000&1.42e-06 20201126T170000&1.53e-06 20201127T010000&1.4e-06 20201127T113000&1.61e-06 20201128T160600&1.5e-06 20201129T002700&1.715e-06 20201129T080300&1.565e-06 20201129T162100&1.68e-06 20201130T010800&1.5e-06 20201130T133628|1.395e-06 20201124T053000&1.22e-06 20201124T123000&1.825e-06 20201125T123000&1.525e-06 20201125T230000&1.66e-06 20201126T013000&1.38e-06 20201126T083000&1.545e-06 20201126T130000&1.42e-06 20201126T170000&1.53e-06 20201127T010000&1.4e-06 20201127T113000&1.61e-06 20201128T160600&1.5e-06 20201129T002700&1.715e-06 20201129T080300&1.565e-06 20201129T162100&1.68e-06 20201130T010800&1.5e-06 20201130T133628|1.395e-06 20201124T053000&1.22e-06 20201124T123000&1.825e-06 20201125T123000&1.525e-06 20201125T230000&1.66e-06 20201126T013000&1.38e-06 20201126T083000&1.545e-06 20201126T130000&1.42e-06 20201126T170000&1.53e-06 20201127T010000&1.4e-06 20201127T113000&1.715e-06 20201129T080300&1.565e-06 20201129T162100&1.68e-06 20201130T010800&1.5e-06 20201130T133628|1.395e-06 20201124T053000&1.22e-06 20201124T123000&1.825e-06 20201125T123000&1.525e-06 20201125T230000&1.66e-06 20201126T013000&1.38e-06 20201126T083000&1.545e-06 20201126T130000&1.4e-06 20201127T113000&1.715e-06 20201129T080300&1.5e-06 20201130T133628,14.7,4.88599,3.2094,0.115646,0.0977198,0.0021734,0.0964053,0.924013,0.0222412
Predict;5.36549;-3.28106;7.28589;-7.85836;3.29857;-4.4897;4.14622;-6.28443;600;582;336;534;453;642;467;593;0;0;0;0;0;0;0;0;0;0;0;0;0;0;0;0;0;0;0;0;0;0;0;0;0;0;0;0;0;0;0;0;0;0;0;0;0;0;0;0;0;0;0;0;0;0;0;0;0;0;0;0;0;0;0;0;0;0;0;0;0;0;0;0;0;0;0;0;0;0;0;0;0;0;0;0;0;0;0;0;0;0;0;0;0;0;0;0;0;0;0;0;0;0;0;0;0;0;0;0;0;0;0;0;0;0;0;0;0;0;0;0;0;0;0;0;0;0;0;0;1;0;0.00124711;0;0;0;0;0;0;0;0;0;0;0;0;0;0;0;0;0;0;0;0;0;0;0;0;0;0;0;0;0;0;0;0;0;0;0;0;0;0;0;0;0;0;0;0;0;0;0;0;0;0;0;0;0;0;0;0;0;0;0;0;0;0;0;0;0;0;0;0;0;0;0;0;0;0;0;0;0;0;0;0;0;0;0;0;0;0;0;0;0;0;0;0;0;0;0;0;0;0;0;0;0;0;0;0;0;0;0;0;0;0;0;0;0;0;0;0;0;0;0;0;0;0;0;0;0;0;0;0;0;0;0;0;0;0;0;0;0;0;0;0;0;0;0;0;0;0;0;0;0;0;0;0;0;0;0;0;0;0;0;0;0;0;0;0;0;0;0;0;0;0;0;0;0;0;0;0;0;0;0;0;0;0;0;0;0;0;0;0;0;0;0;0;0;0;0;0;0;0;0;0;0;2;0;0.00291701;0;0;0;0;0;0;0;0;0;0;0;0;0;0;0;0;0;0;0;0;0;0;0;0;0;0;0;0;0;0;0;0;0;0;0;0;0;0;0;0;0;0;0;0;0;0;0;0;0;0;0;0;0;63;9;1.42934;0.0241394;2;0;0.0809158;0;0;0;0;0;2;2;0.0023944;0.00260209;0;0;0;0,,Downs:0;Ups:1Downs:1;Ups:3,true,9,[[0.33664654 0.66335346]];[[2.74046943e-04 9.99725953e-01]];[[0.01262534 0.98737466]],81,OK,4,0.003266,OMG,CURVE_BIN_LEARNER,0.999497,3.000000,0.000199,2020-Nov-30 13:37:03,0.996745,1.034552,0.997236,0.963214,0 &1.79769e+308 ,0.00022165 20201123T140000&0.0002157 20201123T163000&0.00024715 20201124T053000&0.00023195 20201124T063000&0.00024145 20201124T083000&0.00021075 20201124T123000&0.0002269 20201124T193000&0.00021935 20201124T220000&0.000235 20201125T020000&0.0002239 20201125T050000&0.0002519 20201125T130000&0.00024405 20201125T140000&0.00026395 20201125T190000&0.00025805 20201125T200000&0.00026565 20201125T203000&0.0002343 20201125T230000&0.00024385 20201126T010000&0.00021635 20201126T033000&0.00022345 20201126T060000&0.00021125 20201126T083000&0.00022095 20201126T110000&0.00020185 20201126T173000&0.00021865 20201127T013000&0.00020315 20201127T153000&0.00021405 20201128T013000&0.00020725 20201128T111200&0.00022085 20201128T144500&0.0002158 20201128T162100&0.00022235 20201128T164800&0.00021345 20201128T170900&0.0002192 20201128T200000&0.00020615 20201129T014200&0.00021295 20201129T091500&0.00020505 20201129T162400&0.00020945 20201129T171500&0.0002038 20201129T195700&0.00021225 20201130T034400&0.00020145 20201130T090800&0.0002066 20201130T115600&0.000199 20201130T133703|0.00024715 20201124T053000&0.00023195 20201124T063000&0.00024145 20201124T083000&0.00021075 20201124T123000&0.0002269 20201124T193000&0.00021935 20201124T220000&0.000235 20201125T020000&0.0002239 20201125T050000&0.0002519 20201125T130000&0.00024405 20201125T140000&0.00026565 20201125T203000&0.0002343 20201125T230000&0.00024385 20201126T010000&0.00021635 20201126T033000&0.00022345 20201126T060000&0.00021125 20201126T083000&0.00022095 20201126T110000&0.00020185 20201126T173000&0.00021865 20201127T013000&0.00020315 20201127T153000&0.00021405 20201128T013000&0.00020725 20201128T111200&0.00022235 20201128T164800&0.00020615 20201129T014200&0.00021295 20201129T091500&0.0002038 20201129T195700&0.00021225 20201130T034400&0.000199 20201130T133703|0.00024715 20201124T053000&0.00023195 20201124T063000&0.00024145 20201124T083000&0.00021075 20201124T123000&0.000235 20201125T020000&0.0002239 20201125T050000&0.00026565 20201125T203000&0.0002343 20201125T230000&0.00024385 20201126T010000&0.00021125 20201126T083000&0.00022095 20201126T110000&0.00020185 20201126T173000&0.00021865 20201127T013000&0.00020315 20201127T153000&0.00022235 20201128T164800&0.0002038 20201129T195700&0.00021225 20201130T034400&0.000199 20201130T133703|0.00024715 20201124T053000&0.00021075 20201124T123000&0.00026565 20201125T203000&0.00020185 20201126T173000&0.00021865 20201127T013000&0.00020315 20201127T153000&0.00022235 20201128T164800&0.000199 20201130T133703|0.00024715 20201124T053000&0.00021075 20201124T123000&0.00026565 20201125T203000&0.00020185 20201126T173000&0.00021865 20201127T013000&0.00020315 20201127T153000&0.00022235 20201128T164800&0.000199 20201130T133703|0.00024715 20201124T053000&0.00021075 20201124T123000&0.00026565 20201125T203000&0.00020185 20201126T173000&0.00021865 20201127T013000&0.00020315 20201127T153000&0.00022235 20201128T164800&0.000199 20201130T133703|0.00024715 20201124T053000&0.00021075 20201124T123000&0.00026565 20201125T203000&0.00020185 20201126T173000&0.00022235 20201128T164800&0.000199 20201130T133703,8.5,1.62776,0.790632,0.152941,0.0325552,0.0327411,0.0217707,2.57217,1.00571
Predict;9.46746;-4.32331;4.32331;-7.97665;3.11284;-4.74308;3.55731;-10.5485;990;492;294;585;261;950;224;786;0;0;0;0;0;0;0;0;0;1;0;0.0152;0;0;0;0;0;0;0;0;0;0;0;0;0;0;0;0;0;0;0;0;0;0;0;0;0;0;0;0;0;0;0;0;0;0;0;0;0;0;0;0;0;0;0;0;0;0;0;0;0;0;0;0;0;0;0;0;0;0;0;0;0;0;0;0;0;0;0;0;0;0;0;0;0;0;0;0;0;0;0;0;0;0;0;0;0;1;0;0.00354993;0;0;0;0;0;0;0;0;0;0;0;0;0;0;0;0;0;0;0;0;0;0;0;0;0;0;0;0;0;0;0;0;0;0;0;0;0;0;0;0;0;0;0;0;0;0;0;0;0;0;0;0;0;0;0;0;0;0;0;0;0;0;0;0;0;0;0;0;0;0;0;0;0;0;0;0;0;0;0;0;0;0;0;0;0;0;0;0;0;0;0;0;0;0;0;0;0;0;0;0;0;0;0;0;0;0;0;0;0;0;0;0;9;0;0.803204;0;3;3;0.0321648;0.0111864;0;0;0;0;0;1;0;0.0001152;0;0;0;0;0;0;0;0;0;0;0;0;2;0;0.506011;0;0;2;0;0.00330293;1;1;0.000239;0.0001248;0;0;0;0;0;0;0;0;0;0;0;0;0;0;0;0;0;0;0;0;0;0;0;0;0;0;0;0;0;0;0;0;0;0;0;0;0;0;0;0;0;0;0;0;0;0;0;0;0;0;0;0;0;0;0;0;0;0;0;0;0;0;0;0;0;0;0;0;0;0;0;0;0;0;0;0;0;0;0;0;0;0;0;0;0;0;0;0;0;0;0;0;0;0;0;0;0;0;0;0;0;0;0;0;0;0;0;0;0;0;0;0;0;0;0;0;0;0;0;0;0;0;0;0;0;0;0;0;0;0;0;0;0;0;0;0;13;1;1.24234;0.245636;6;6;0.014554;0.0204691;9;5;0.0324009;0.0406313,,Downs:1;Ups:1Downs:1;Ups:4,true,9,[[0.2603766 0.7396234]];[[0.27059072 0.72940928]];[[0.01319415 0.98680585]],64,HORRIBLE,2,0.000000,COTI,CURVE_BIN_LEARNER,1.016878,2.000000,0.000002,2020-Nov-30 13:52:41,1.000000,1.056962,1.000000,0.946108,0 &1.79769e+308 ,2.49e-06 20201123T143000&2.42e-06 20201123T160000&2.605e-06 20201124T043000&2.525e-06 20201124T063000&2.625e-06 20201124T083000&2.295e-06 20201124T130000&2.42e-06 20201124T140000&2.33e-06 20201124T150000&2.535e-06 20201125T013000&2.43e-06 20201125T040000&2.5e-06 20201125T043000&2.43e-06 20201125T083000&2.64e-06 20201125T130000&2.585e-06 20201125T140000&2.95e-06 20201125T190000&2.665e-06 20201125T230000&2.785e-06 20201126T013000&2.485e-06 20201126T033000&2.7e-06 20201126T063000&2.535e-06 20201126T073000&2.695e-06 20201126T110000&2.605e-06 20201126T120000&2.665e-06 20201126T130000&2.535e-06 20201126T190000&2.705e-06 20201126T233000&2.615e-06 20201127T030000&2.68e-06 20201127T053000&2.535e-06 20201127T093000&2.61e-06 20201127T133000&2.545e-06 20201127T160000&2.775e-06 20201128T020000&2.66e-06 20201128T101200&2.775e-06 20201128T150600&2.57e-06 20201129T005100&2.65e-06 20201129T051200&2.585e-06 20201129T065400&2.65e-06 20201129T110600&2.53e-06 20201129T210200&2.62e-06 20201130T004600&2.44e-06 20201130T080900&2.505e-06 20201130T081800&2.44e-06 20201130T094300&2.505e-06 20201130T132008&2.37e-06 20201130T135241|2.605e-06 20201124T043000&2.525e-06 20201124T063000&2.625e-06 20201124T083000&2.295e-06 20201124T130000&2.42e-06 20201124T140000&2.33e-06 20201124T150000&2.535e-06 20201125T013000&2.43e-06 20201125T083000&2.95e-06 20201125T190000&2.665e-06 20201125T230000&2.785e-06 20201126T013000&2.485e-06 20201126T033000&2.7e-06 20201126T063000&2.535e-06 20201126T073000&2.695e-06 20201126T110000&2.535e-06 20201126T190000&2.705e-06 20201126T233000&2.535e-06 20201127T093000&2.775e-06 20201128T020000&2.66e-06 20201128T101200&2.775e-06 20201128T150600&2.57e-06 20201129T005100&2.65e-06 20201129T051200&2.53e-06 20201129T210200&2.62e-06 20201130T004600&2.37e-06 20201130T135241|2.625e-06 20201124T083000&2.295e-06 20201124T130000&2.535e-06 20201125T013000&2.43e-06 20201125T083000&2.95e-06 20201125T190000&2.665e-06 20201125T230000&2.785e-06 20201126T013000&2.485e-06 20201126T033000&2.7e-06 20201126T063000&2.535e-06 20201126T073000&2.695e-06 20201126T110000&2.535e-06 20201126T190000&2.705e-06 20201126T233000&2.535e-06 20201127T093000&2.775e-06 20201128T020000&2.66e-06 20201128T101200&2.775e-06 20201128T150600&2.37e-06 20201130T135241|2.625e-06 20201124T083000&2.295e-06 20201124T130000&2.95e-06 20201125T190000&2.485e-06 20201126T033000&2.7e-06 20201126T063000&2.535e-06 20201126T073000&2.695e-06 20201126T110000&2.535e-06 20201126T190000&2.705e-06 20201126T233000&2.535e-06 20201127T093000&2.775e-06 20201128T150600&2.37e-06 20201130T135241|2.625e-06 20201124T083000&2.295e-06 20201124T130000&2.95e-06 20201125T190000&2.485e-06 20201126T033000&2.7e-06 20201126T063000&2.535e-06 20201126T073000&2.705e-06 20201126T233000&2.535e-06 20201127T093000&2.775e-06 20201128T150600&2.37e-06 20201130T135241|2.625e-06 20201124T083000&2.295e-06 20201124T130000&2.95e-06 20201125T190000&2.485e-06 20201126T033000&2.775e-06 20201128T150600&2.37e-06 20201130T135241|2.625e-06 20201124T083000&2.295e-06 20201124T130000&2.95e-06 20201125T190000&2.485e-06 20201126T033000&2.775e-06 20201128T150600&2.37e-06 20201130T135241,4.6,1.65148,3.6628,0.326087,0.330295,0.38839,0.206951,1.3776,1.17589
Predict;7.11891;-3.7037;12.4284;-3.29767;4.82372;-5.11873;3.00792;-7.56796;261;342;402;244;172;122;60;651;0;0;0;0;0;0;0;0;0;0;0;0;0;0;0;0;0;0;0;0;0;0;0;0;0;0;0;0;0;0;0;0;0;0;0;0;0;0;0;0;0;0;0;0;0;0;0;0;0;0;0;0;0;0;0;0;0;0;0;0;0;0;0;0;0;0;0;0;0;0;0;0;0;0;0;0;0;0;0;0;0;0;0;0;0;0;0;0;0;0;0;0;0;0;0;0;0;0;0;0;0;0;0;0;0;0;0;0;0;0;0;0;0;0;0;0;0;0;0;0;0;0;0;0;0;0;0;0;0;0;0;0;0;0;0;0;0;0;0;0;0;0;0;0;0;0;0;0;0;2;0;0.00208357;0;0;0;0;0;0;0;0;0;0;0;0;0;0;0;0;0;0;0;0;0;0;0;0;0;0;0;0;0;0;0;0;0;0;0;0;0;0;0;0;0;0;0;0;0;0;0;0;0;0;0;0;0;0;0;0;0;0;0;0;0;0;0;0;0;0;0;0;0;0;0;0;0;0;0;0;0;0;0;0;0;0;0;0;0;0;0;0;0;0;0;0;0;0;0;0;0;0;0;0;0;0;0;0;0;0;0;0;0;0;0;0;0;0;0;0;0;0;0;0;0;0;0;0;0;0;0;0;0;0;0;0;0;0;0;0;0;0;0;0;0;0;0;0;0;0;0;0;0;0;0;0;0;0;0;0;0;0;0;0;0;0;0;0;0;0;0;0;0;0;0;0;1;3;0.11213;0.345201;0;0;0;0;6;4;0.165976;0.266333;2;0;0.00925071;0;0;0;0;0;0;0;0;0;0;0;0;0;0;0;0;0;3;4;0.0190674;0.00169848;0;0;0;0;0;0;0;0;0;0;0;0;0;0;0;0;0;0;0;0;0;0;0;0;0;0;0;0;1;0;0.0037611;0;0;0;0;0;20;17;2.26647;0.560109,,Downs:1;Ups:0Downs:2;Ups:0,true,9,[[0.0556604 0.9443396]];[[0.0473407 0.9526593]];[[0.17438108 0.82561892]],63,OK,1315,0.019858,KSM,CURVE_BIN_LEARNER,0.997058,1.000000,0.002719,2020-Nov-30 13:58:14,0.980529,1.033982,0.981611,0.996701,0 &1.79769e+308 ,0.002136 20201123T163000&0.002754 20201124T073000&0.0023685 20201124T103000&0.0024425 20201124T110000&0.0023185 20201124T123000&0.00239 20201124T140000&0.0023125 20201124T150000&0.0025795 20201125T003000&0.0024295 20201125T033000&0.002484 20201125T043000&0.0022485 20201125T230000&0.002461 20201126T023000&0.0023305 20201126T033000&0.002955 20201126T173000&0.002726 20201127T023000&0.0028055 20201127T040000&0.002709 20201127T083000&0.002779 20201127T093000&0.002566 20201127T133000&0.002707 20201128T023000&0.002545 20201128T103600&0.002678 20201128T151200&0.002572 20201128T161500&0.002627 20201128T205400&0.0025355 20201129T002400&0.0026755 20201129T033600&0.0026195 20201129T035700&0.002716 20201129T044500&0.0026475 20201129T061200&0.002713 20201129T070300&0.002619 20201129T102700&0.002833 20201129T125400&0.002774 20201129T140900&0.0029445 20201129T170900&0.0028505 20201129T211300&0.002988 20201130T000500&0.0028425 20201130T020700&0.002928 20201130T030700&0.0027535 20201130T085800&0.0028145 20201130T095000&0.002669 20201130T133619&0.002719 20201130T135814|0.002754 20201124T073000&0.0023685 20201124T103000&0.0024425 20201124T110000&0.0023185 20201124T123000&0.00239 20201124T140000&0.0023125 20201124T150000&0.0025795 20201125T003000&0.0022485 20201125T230000&0.002461 20201126T023000&0.0023305 20201126T033000&0.002955 20201126T173000&0.002566 20201127T133000&0.002707 20201128T023000&0.002545 20201128T103600&0.002678 20201128T151200&0.0025355 20201129T002400&0.002716 20201129T044500&0.002619 20201129T102700&0.0029445 20201129T170900&0.0028505 20201129T211300&0.002988 20201130T000500&0.0028425 20201130T020700&0.002928 20201130T030700&0.002719 20201130T135814|0.002754 20201124T073000&0.0023125 20201124T150000&0.0025795 20201125T003000&0.0022485 20201125T230000&0.002461 20201126T023000&0.0023305 20201126T033000&0.002955 20201126T173000&0.002566 20201127T133000&0.002707 20201128T023000&0.002545 20201128T103600&0.002678 20201128T151200&0.0025355 20201129T002400&0.002988 20201130T000500&0.002719 20201130T135814|0.002754 20201124T073000&0.0023125 20201124T150000&0.0025795 20201125T003000&0.0022485 20201125T230000&0.002461 20201126T023000&0.0023305 20201126T033000&0.002955 20201126T173000&0.002566 20201127T133000&0.002707 20201128T023000&0.002545 20201128T103600&0.002678 20201128T151200&0.0025355 20201129T002400&0.002988 20201130T000500&0.002719 20201130T135814|0.002754 20201124T073000&0.0023125 20201124T150000&0.0025795 20201125T003000&0.0022485 20201125T230000&0.002955 20201126T173000&0.0025355 20201129T002400&0.002988 20201130T000500&0.002719 20201130T135814|0.002754 20201124T073000&0.0023125 20201124T150000&0.0025795 20201125T003000&0.0022485 20201125T230000&0.002955 20201126T173000&0.0025355 20201129T002400&0.002988 20201130T000500&0.002719 20201130T135814|0.002754 20201124T073000&0.0023125 20201124T150000&0.0025795 20201125T003000&0.0022485 20201125T230000&0.002955 20201126T173000&0.0025355 20201129T002400&0.002988 20201130T000500&0.002719 20201130T135814,6.6,3.76796,30.6254,0.424242,0.0753592,0.0495234,0.3114,1.6333,0.657164
Predict;3.60693;-4.1988;5.41274;-3.37535;3.23529;-7.49599;5.32303;-5.032;210;600;510;180;630;2724;630;707;0;0;0;0;0;0;0;0;0;4;0;0.0938623;0;1;0;0.00312696;0;0;0;0;0;0;0;0;0;0;0;0;0;0;0;0;0;0;0;0;0;0;0;0;0;0;0;0;0;0;0;0;0;0;0;0;0;0;0;0;0;0;0;0;1;2;0.0238047;0.0207844;0;2;0;0.00441696;0;0;0;0;0;0;0;0;0;0;0;0;0;0;0;0;0;0;0;0;0;0;0;0;0;0;0;0;0;0;0;0;0;0;0;0;0;0;0;0;0;0;0;0;0;0;0;0;0;0;0;0;0;0;0;0;0;0;0;0;0;0;0;0;0;0;0;0;0;0;0;0;0;0;0;0;0;0;0;0;0;0;0;0;0;0;0;0;0;0;0;0;0;0;0;0;0;0;0;0;0;0;0;0;0;0;0;0;0;0;0;0;0;0;0;0;0;0;0;0;0;0;0;0;0;0;0;0;0;0;0;0;0;0;0;0;0;0;0;0;0;0;0;0;0;0;0;0;0;0;0;0;0;0;0;0;0;0;0;0;0;0;0;0;0;0;0;0;0;0;0;0;0;0;0;0;0;0;0;0;0;0;0;0;0;0;0;0;0;0;0;0;0;0;0;0;0;0;0;0;3;0;0.0173243;0;0;0;0;0;0;0;0;0;0;0;0;0;0;0;0;0;0;0;0;0;0;0;0;0;0;0;0;0;0;0;0;0;0;0;0;0;0;0;0;0;7;0;0.524554;0;0;0;0;0;2;0;0.262174;0;0;0;0;0;0;0;0;0;0;0;0;0;0;0;0;0;0;0;0;0;0;0;0;0;0;0;0;0;0;0;0;0;0;0;0;0;0;0;0;0;0;0;0;0;6;0;0.223007;0;6;0;0.787992;0;2;0;0.213424;0;21;0;0.291198;0;5;0;0.24363;0;4;0;0.42671;0;1;0;0.180799;0;2;0;0.159661;0,,Downs:0;Ups:1Downs:1;Ups:2,true,10,[[0.09610186 0.90389814]];[[1.89598487e-06 9.99998104e-01]];[[0.20934435 0.79065565]],69,OK,3593,0.017762,ETC,CURVE_BIN_LEARNER,0.989235,1.000000,0.000344,2020-Nov-30 14:41:54,0.982548,1.002763,0.982834,0.996954,0 &1.79769e+308 ,0.0003972 20201124T043000&0.00037955 20201124T060000&0.0003956 20201124T080000&0.00036145 20201124T123000&0.000383 20201124T210000&0.0003731 20201124T223000&0.0003981 20201125T013000&0.000386 20201125T023000&0.00041525 20201125T063000&0.00039095 20201125T140000&0.00040155 20201125T180000&0.00036725 20201125T230000&0.00037695 20201126T003000&0.0003521 20201126T073000&0.0003648 20201126T110000&0.0003501 20201126T210000&0.00036905 20201127T053000&0.000357 20201127T083000&0.00036855 20201127T190000&0.0003585 20201128T111200&0.00036745 20201128T155700&0.00034285 20201129T162400&0.0003611 20201130T025400&0.0003378 20201130T134201&0.0003437 20201130T144154|0.0003972 20201124T043000&0.00037955 20201124T060000&0.0003956 20201124T080000&0.00036145 20201124T123000&0.0003981 20201125T013000&0.000386 20201125T023000&0.00041525 20201125T063000&0.0003521 20201126T073000&0.0003648 20201126T110000&0.0003501 20201126T210000&0.00036905 20201127T053000&0.000357 20201127T083000&0.00036855 20201127T190000&0.00034285 20201129T162400&0.0003611 20201130T025400&0.0003437 20201130T144154|0.0003972 20201124T043000&0.00037955 20201124T060000&0.0003956 20201124T080000&0.00036145 20201124T123000&0.00041525 20201125T063000&0.0003501 20201126T210000&0.00036905 20201127T053000&0.00034285 20201129T162400&0.0003611 20201130T025400&0.0003437 20201130T144154|0.0003972 20201124T043000&0.00036145 20201124T123000&0.00041525 20201125T063000&0.0003501 20201126T210000&0.00036905 20201127T053000&0.00034285 20201129T162400&0.0003611 20201130T025400&0.0003437 20201130T144154|0.0003972 20201124T043000&0.00036145 20201124T123000&0.00041525 20201125T063000&0.0003437 20201130T144154|0.0003972 20201124T043000&0.00036145 20201124T123000&0.00041525 20201125T063000&0.0003437 20201130T144154|0.0003972 20201124T043000&0.00036145 20201124T123000&0.00041525 20201125T063000&0.0003437 20201130T144154,6.7,3.73265,3.09286,0,0.074653,0.293946,0,4.21092,3.9375
Predict;3.60693;-4.1988;5.41274;-3.37535;3.23529;-7.49599;5.32303;-5.032;210;600;510;180;630;2724;630;707;0;0;0;0;0;0;0;0;0;4;0;0.0938623;0;1;0;0.00312696;0;0;0;0;0;0;0;0;0;0;0;0;0;0;0;0;0;0;0;0;0;0;0;0;0;0;0;0;0;0;0;0;0;0;0;0;0;0;0;0;0;0;0;0;1;2;0.0238047;0.0207844;0;2;0;0.00441696;0;0;0;0;0;0;0;0;0;0;0;0;0;0;0;0;0;0;0;0;0;0;0;0;0;0;0;0;0;0;0;0;0;0;0;0;0;0;0;0;0;0;0;0;0;0;0;0;0;0;0;0;0;0;0;0;0;0;0;0;0;0;0;0;0;0;0;0;0;0;0;0;0;0;0;0;0;0;0;0;0;0;0;0;0;0;0;0;0;0;0;0;0;0;0;0;0;0;0;0;0;0;0;0;0;0;0;0;0;0;0;0;0;0;0;0;0;0;0;0;0;0;0;0;0;0;0;0;0;0;0;0;0;0;0;0;0;0;0;0;0;0;0;0;0;0;0;0;0;0;0;0;0;0;0;0;0;0;0;0;0;0;0;0;0;0;0;0;0;0;0;0;0;0;0;0;0;0;0;0;0;0;0;0;0;0;0;0;0;0;0;0;0;0;0;0;0;0;0;0;3;0;0.0173243;0;0;0;0;0;0;0;0;0;0;0;0;0;0;0;0;0;0;0;0;0;0;0;0;0;0;0;0;0;0;0;0;0;0;0;0;0;0;0;0;0;7;0;0.524554;0;0;0;0;0;2;0;0.262174;0;0;0;0;0;0;0;0;0;0;0;0;0;0;0;0;0;0;0;0;0;0;0;0;0;0;0;0;0;0;0;0;0;0;0;0;0;0;0;0;0;0;0;0;0;6;0;0.223007;0;6;0;0.787992;0;2;0;0.213424;0;21;0;0.291198;0;5;0;0.24363;0;4;0;0.42671;0;1;0;0.180799;0;2;0;0.159661;0,,Downs:0;Ups:1Downs:1;Ups:2,true,11,[[0.09610186 0.90389814]];[[1.89598487e-06 9.99998104e-01]];[[0.20934435 0.79065565]],69,OK,3593,0.017762,ETC,CURVE_BIN_LEARNER,0.992028,602.000000,0.000344,2020-Nov-30 14:41:54,0.982548,1.002763,0.982834,0.996954,0 &1.79769e+308 ,0.0003972 20201124T043000&0.00037955 20201124T060000&0.0003956 20201124T080000&0.00036145 20201124T123000&0.000383 20201124T210000&0.0003731 20201124T223000&0.0003981 20201125T013000&0.000386 20201125T023000&0.00041525 20201125T063000&0.00039095 20201125T140000&0.00040155 20201125T180000&0.00036725 20201125T230000&0.00037695 20201126T003000&0.0003521 20201126T073000&0.0003648 20201126T110000&0.0003501 20201126T210000&0.00036905 20201127T053000&0.000357 20201127T083000&0.00036855 20201127T190000&0.0003585 20201128T111200&0.00036745 20201128T155700&0.00034285 20201129T162400&0.0003611 20201130T025400&0.0003378 20201130T134201&0.0003437 20201130T144154|0.0003972 20201124T043000&0.00037955 20201124T060000&0.0003956 20201124T080000&0.00036145 20201124T123000&0.0003981 20201125T013000&0.000386 20201125T023000&0.00041525 20201125T063000&0.0003521 20201126T073000&0.0003648 20201126T110000&0.0003501 20201126T210000&0.00036905 20201127T053000&0.000357 20201127T083000&0.00036855 20201127T190000&0.00034285 20201129T162400&0.0003611 20201130T025400&0.0003437 20201130T144154|0.0003972 20201124T043000&0.00037955 20201124T060000&0.0003956 20201124T080000&0.00036145 20201124T123000&0.00041525 20201125T063000&0.0003501 20201126T210000&0.00036905 20201127T053000&0.00034285 20201129T162400&0.0003611 20201130T025400&0.0003437 20201130T144154|0.0003972 20201124T043000&0.00036145 20201124T123000&0.00041525 20201125T063000&0.0003501 20201126T210000&0.00036905 20201127T053000&0.00034285 20201129T162400&0.0003611 20201130T025400&0.0003437 20201130T144154|0.0003972 20201124T043000&0.00036145 20201124T123000&0.00041525 20201125T063000&0.0003437 20201130T144154|0.0003972 20201124T043000&0.00036145 20201124T123000&0.00041525 20201125T063000&0.0003437 20201130T144154|0.0003972 20201124T043000&0.00036145 20201124T123000&0.00041525 20201125T063000&0.0003437 20201130T144154,6.7,3.73265,3.09286,0,0.074653,0.293946,0,4.21092,3.9375
Predict;3.8903;-3.80251;3.60937;-7.12681;5.35447;-5.31503;3.5184;-5.80209;390;129;156;726;478;529;66;270;0;0;0;0;0;0;0;0;0;0;0;0;0;0;0;0;0;0;0;0;0;0;0;0;0;0;0;0;0;0;0;0;0;0;0;0;0;0;0;0;0;0;0;0;0;0;0;0;0;0;0;0;0;0;0;0;0;0;0;0;0;0;0;0;0;0;0;0;0;0;0;0;0;0;0;0;0;0;0;0;0;0;0;0;0;1;0;0.00298188;3;0;0.00811141;0;11;2;0.118137;0.00333211;0;0;0;0;0;0;0;0;0;0;0;0;0;0;0;0;0;0;0;0;0;1;0;0.0373481;0;0;0;0;0;0;0;0;0;0;0;0;0;0;0;0;0;0;0;0;0;0;0;0;0;0;0;0;0;0;0;0;0;0;0;0;0;0;0;0;0;0;0;0;0;0;0;0;0;0;0;0;0;0;0;0;0;0;0;0;0;0;0;0;0;0;0;0;1;0;0.0015019;0;0;0;0;0;0;0;0;0;0;0;0;0;0;0;0;0;0;0;0;0;0;0;0;0;0;0;0;0;0;0;0;0;4;1;0.0270047;0.080133;0;0;0;0;0;1;0;0.00191484;0;0;0;0;0;0;0;0;0;0;0;0;0;0;0;0;0;0;0;0;0;0;0;0;0;0;0;0;0;0;0;0;0;0;0;0;0;0;0;0;0;0;0;0;0;0;0;0;0;0;0;0;0;0;0;0;0;0;0;0;3;0;0.0448999;0;0;0;0;0;0;0;0;0;0;0;0;0;0;0;0;0;0;0;0;0;0;0;0;0;0;0;0;0;1;0;0.00058557;0;1;0;0.00571422;0;0;0;0;0;5;0;0.0592573;0;1;0;0.00284853;0;0;0;0;0;1;0;0.0014687;0;1;0;0.000121706;0;0;0;0;0;0;0;0;0;0;0;0;0;0;0;0;0;0;0;0;0;0;0;0;0;5;0;0.0536396;0;20;1;2.00931;0.00022765;3;0;0.0182475;0;1;1;0.00329672;0.00302778,,Downs:1;Ups:2Downs:1;Ups:11,true,10,[[0.09817369 0.90182631]];[[0.37675032 0.62324968]];[[0.13958954 0.86041046]],69,HORRIBLE,1,0.000000,ZEC,CURVE_BIN_LEARNER,1.004617,18.000000,0.003915,2020-Nov-30 14:53:59,1.000000,1.058021,1.000000,0.943715,0 &1.79769e+308 ,0.004478 20201124T050000&0.0042885 20201124T063000&0.004496 20201124T083000&0.0041175 20201124T100000&0.004237 20201124T113000&0.0040845 20201124T123000&0.004236 20201124T140000&0.0041395 20201124T150000&0.004606 20201124T180000&0.0044585 20201124T213000&0.0045545 20201124T230000&0.0042705 20201125T050000&0.004466 20201125T110000&0.0040965 20201125T230000&0.004207 20201126T003000&0.0040085 20201126T073000&0.004201 20201126T093000&0.003901 20201126T190000&0.004145 20201126T210000&0.0039995 20201127T113000&0.004186 20201128T023000&0.004074 20201128T060000&0.004344 20201128T132700&0.0042555 20201128T140900&0.004348 20201128T150300&0.0041385 20201128T170900&0.0042995 20201128T233900&0.004142 20201129T014800&0.0042915 20201129T042400&0.004006 20201129T163000&0.0042205 20201130T002800&0.0040075 20201130T091700&0.0041485 20201130T102300&0.003915 20201130T145359|0.004478 20201124T050000&0.0042885 20201124T063000&0.004496 20201124T083000&0.0040845 20201124T123000&0.004606 20201124T180000&0.0042705 20201125T050000&0.004466 20201125T110000&0.0040085 20201126T073000&0.004201 20201126T093000&0.003901 20201126T190000&0.004145 20201126T210000&0.0039995 20201127T113000&0.004348 20201128T150300&0.0041385 20201128T170900&0.0042995 20201128T233900&0.004142 20201129T014800&0.0042915 20201129T042400&0.004006 20201129T163000&0.0042205 20201130T002800&0.0040075 20201130T091700&0.0041485 20201130T102300&0.003915 20201130T145359|0.004478 20201124T050000&0.0042885 20201124T063000&0.004496 20201124T083000&0.0040845 20201124T123000&0.004606 20201124T180000&0.0042705 20201125T050000&0.004466 20201125T110000&0.0040085 20201126T073000&0.004201 20201126T093000&0.003901 20201126T190000&0.004348 20201128T150300&0.004006 20201129T163000&0.0042205 20201130T002800&0.003915 20201130T145359|0.004496 20201124T083000&0.0040845 20201124T123000&0.004606 20201124T180000&0.003901 20201126T190000&0.004348 20201128T150300&0.004006 20201129T163000&0.0042205 20201130T002800&0.003915 20201130T145359|0.004496 20201124T083000&0.0040845 20201124T123000&0.004606 20201124T180000&0.003901 20201126T190000&0.004348 20201128T150300&0.003915 20201130T145359|0.004496 20201124T083000&0.0040845 20201124T123000&0.004606 20201124T180000&0.003901 20201126T190000&0.004348 20201128T150300&0.003915 20201130T145359|0.004496 20201124T083000&0.0040845 20201124T123000&0.004606 20201124T180000&0.003901 20201126T190000&0.004348 20201128T150300&0.003915 20201130T145359,6,2.2703,1.3429,0.15,0.45406,0.500092,0.00746933,2.87619,1.10138
Predict;5.64456;-7.85692;6.75634;-7.97774;3.88064;-3.09959;5.30919;-2.58595;390;498;530;750;12;53;3;68;0;0;0;0;0;0;0;0;0;2;0;0.050434;4;0;0.0307908;0;0;1;0;0.0206545;5;1;0.159967;0.0426521;3;3;0.0830516;0.103523;4;3;0.0897056;1.96068;0;3;0;0.0195178;0;0;0;0;1;0;0.0276141;0;0;14;0;0.182561;0;1;0;0.0256945;0;1;0;0.0016625;0;0;0;0;1;1;0.0801899;0.0223574;1;4;0.019113;0.0728027;1;0;0.0313309;0;1;3;0.0443223;0.235941;1;1;0.00013304;0.0016635;1;0;0.15394;0;0;1;0;0.0029952;7;2;1.41396;0.119667;3;0;0.205547;0;0;0;0;0;0;0;0;0;0;0;0;0;4;0;0.067405;0;0;0;0;0;0;3;0;0.181302;0;0;0;0;0;2;0;0.00652876;0;1;0;0.00796109;4;0;0.0964934;0;2;0;0.0982622;0;10;1;0.127958;0.460472;1;5;0.0127501;0.0621806;1;0;0.0270729;0;9;0;0.273157;0;6;0;0.187932;0;0;0;0;0;2;2;0.0687392;0.158751;1;1;0.596474;0.00703474;0;0;0;0;1;0;0.0365301;0;0;0;0;0;0;0;0;0;1;5;0.00076659;0.374772;1;15;0.00010002;0.0912928;3;1;0.234554;0.00523909;1;0;0.373653;0;0;0;0;0;2;0;0.0201919;0;0;0;0;0;0;3;0;0.0132733;0;2;0;0.0164366;2;0;0.00173368;0;0;1;0;0.00360288;0;0;0;0;3;2;0.379038;0.00640128;1;0;0.00093408;0;0;4;0;0.0651376;0;0;0;0;0;3;0;0.023993;0;17;0;0.145738;0;10;0;0.0827824;0;0;0;0;0;0;0;0;0;3;0;0.0361399;5;2;0.271833;0.0139904;0;1;0;0.155176;1;0;0.0178636;0;2;2;0.122742;0.0522887;1;1;0.0285151;0.007515;1;3;0.0155597;0.0216432;0;1;0;0.0299932;4;0;0.584968;0;1;5;0.0268122;0.182521;4;5;0.421151;0.0773863;1;8;0.00073524;0.565862;13;5;0.975844;0.0718442;5;3;1.09093;0.0757512;0;12;0;0.346647;0;1;0;0.0425978;0;0;0;0;0;1;0;0.0565631;1;2;0.00010023;0.226386;0;3;0;0.0714065;11;2;4.55877;0.195078;1;2;0.00013368;0.00090261;0;0;0;0;0;2;0;0.0733674;4;2;0.554284;0.00478192;3;0;0.377667;0;0;0;0;0;0;1;0;0.000669;1;0;0.00103664;0;11;1;1.19708;0.48177;1;10;0.336172;0.264623;0;12;0;2.55935,,Downs:5;Ups:1Downs:18;Ups:3,true,10,[[1.07317990e-04 9.99892682e-01]];[[0.06492661 0.93507339]];[[0.0211249 0.9788751]],368,GOOD,1814,0.019817,XRP,CURVE_BIN_LEARNER,1.003586,0.000000,0.000033,2020-Nov-30 16:03:17,0.966816,1.025859,0.980275,0.991995,0 &1.79769e+308 ,2.965e-05 20201123T173000&2.8755e-05 20201123T190000&3.3205e-05 20201123T233000&3.121e-05 20201124T010000&3.958e-05 20201124T053000&3.7395e-05 20201124T063000&3.8585e-05 20201124T080000&3.2305e-05 20201124T100000&3.3415e-05 20201124T110000&3.169e-05 20201124T123000&3.438e-05 20201124T140000&3.357e-05 20201124T150000&3.8055e-05 20201124T193000&3.58e-05 20201124T223000&3.6695e-05 20201124T233000&3.355e-05 20201125T023000&3.6065e-05 20201125T113000&3.4955e-05 20201125T140000&3.678e-05 20201125T153000&3.2475e-05 20201125T203000&3.4025e-05 20201125T213000&3.306e-05 20201125T230000&3.4115e-05 20201126T003000&3.0895e-05 20201126T033000&3.154e-05 20201126T060000&2.924e-05 20201126T083000&3.159e-05 20201126T110000&2.848e-05 20201126T170000&2.907e-05 20201126T180000&2.837e-05 20201126T190000&3.3145e-05 20201127T013000&3.162e-05 20201127T030000&3.2565e-05 20201127T053000&3.058e-05 20201127T083000&3.315e-05 20201128T010000&3.21e-05 20201128T043000&3.652e-05 20201128T160600&3.473e-05 20201128T170900&3.6135e-05 20201128T183300&3.4635e-05 20201128T205700&3.582e-05 20201128T233600&3.3395e-05 20201129T013600&3.491e-05 20201129T030300&3.402e-05 20201129T061200&3.528e-05 20201129T080600&3.271e-05 20201129T162400&3.361e-05 20201129T172400&3.2775e-05 20201129T195800&3.3765e-05 20201129T211600&3.307e-05 20201129T222000&3.492e-05 20201130T011400&3.2715e-05 20201130T093600&3.3655e-05 20201130T120700&3.234e-05 20201130T134446&3.3595e-05 20201130T135717&3.2585e-05 20201130T145047&3.4315e-05 20201130T145429&3.28e-05 20201130T153302&3.346e-05 20201130T160317|2.965e-05 20201123T173000&2.8755e-05 20201123T190000&3.3205e-05 20201123T233000&3.121e-05 20201124T010000&3.958e-05 20201124T053000&3.7395e-05 20201124T063000&3.8585e-05 20201124T080000&3.2305e-05 20201124T100000&3.3415e-05 20201124T110000&3.169e-05 20201124T123000&3.8055e-05 20201124T193000&3.355e-05 20201125T023000&3.6065e-05 20201125T113000&3.4955e-05 20201125T140000&3.678e-05 20201125T153000&3.2475e-05 20201125T203000&3.4115e-05 20201126T003000&2.924e-05 20201126T083000&3.159e-05 20201126T110000&2.837e-05 20201126T190000&3.3145e-05 20201127T013000&3.058e-05 20201127T083000&3.315e-05 20201128T010000&3.21e-05 20201128T043000&3.652e-05 20201128T160600&3.473e-05 20201128T170900&3.6135e-05 20201128T183300&3.4635e-05 20201128T205700&3.582e-05 20201128T233600&3.3395e-05 20201129T013600&3.528e-05 20201129T080600&3.271e-05 20201129T162400&3.492e-05 20201130T011400&3.234e-05 20201130T134446&3.3595e-05 20201130T135717&3.2585e-05 20201130T145047&3.4315e-05 20201130T145429&3.346e-05 20201130T160317|3.3205e-05 20201123T233000&3.121e-05 20201124T010000&3.958e-05 20201124T053000&3.169e-05 20201124T123000&3.8055e-05 20201124T193000&3.355e-05 20201125T023000&3.678e-05 20201125T153000&3.2475e-05 20201125T203000&3.4115e-05 20201126T003000&2.924e-05 20201126T083000&3.159e-05 20201126T110000&2.837e-05 20201126T190000&3.3145e-05 20201127T013000&3.058e-05 20201127T083000&3.652e-05 20201128T160600&3.473e-05 20201128T170900&3.6135e-05 20201128T183300&3.3395e-05 20201129T013600&3.528e-05 20201129T080600&3.271e-05 20201129T162400&3.492e-05 20201130T011400&3.234e-05 20201130T134446&3.4315e-05 20201130T145429&3.346e-05 20201130T160317|3.3205e-05 20201123T233000&3.121e-05 20201124T010000&3.958e-05 20201124T053000&3.169e-05 20201124T123000&3.8055e-05 20201124T193000&3.355e-05 20201125T023000&3.678e-05 20201125T153000&3.2475e-05 20201125T203000&3.4115e-05 20201126T003000&2.924e-05 20201126T083000&3.159e-05 20201126T110000&2.837e-05 20201126T190000&3.3145e-05 20201127T013000&3.058e-05 20201127T083000&3.652e-05 20201128T160600&3.3395e-05 20201129T013600&3.528e-05 20201129T080600&3.271e-05 20201129T162400&3.492e-05 20201130T011400&3.234e-05 20201130T134446&3.346e-05 20201130T160317|3.3205e-05 20201123T233000&3.121e-05 20201124T010000&3.958e-05 20201124T053000&3.169e-05 20201124T123000&3.8055e-05 20201124T193000&3.355e-05 20201125T023000&3.678e-05 20201125T153000&2.924e-05 20201126T083000&3.159e-05 20201126T110000&2.837e-05 20201126T190000&3.3145e-05 20201127T013000&3.058e-05 20201127T083000&3.652e-05 20201128T160600&3.271e-05 20201129T162400&3.492e-05 20201130T011400&3.234e-05 20201130T134446&3.346e-05 20201130T160317|3.958e-05 20201124T053000&3.169e-05 20201124T123000&3.8055e-05 20201124T193000&3.355e-05 20201125T023000&3.678e-05 20201125T153000&2.924e-05 20201126T083000&3.159e-05 20201126T110000&2.837e-05 20201126T190000&3.3145e-05 20201127T013000&3.058e-05 20201127T083000&3.652e-05 20201128T160600&3.346e-05 20201130T160317|3.958e-05 20201124T053000&3.169e-05 20201124T123000&3.8055e-05 20201124T193000&3.355e-05 20201125T023000&3.678e-05 20201125T153000&2.924e-05 20201126T083000&2.837e-05 20201126T190000&3.652e-05 20201128T160600&3.346e-05 20201130T160317,18.7,17.6495,1.11263,0.550802,0.35299,0.196365,0.348479,0.90616,0.556292
Predict;3.92459;-3.20978;5.38785;-6.32228;4.81881;-6.33555;3.48064;-3.84615;300;1140;951;510;459;504;673;755;0;0;0;0;0;0;0;0;0;0;0;0;0;0;0;0;0;0;0;0;0;2;0;0.0387671;0;0;0;0;1;0;0.000908512;0;1;0;0.00817658;0;0;0;0;0;0;0;0;0;0;0;0;0;0;0;0;0;0;0;0;0;0;0;0;0;0;0;0;0;0;0;0;0;0;0;0;0;0;0;0;0;0;0;0;0;0;0;0;0;0;0;0;0;0;0;0;0;0;0;0;0;0;2;0;0.00150951;0;0;0;0;0;0;0;0;0;0;0;0;0;0;0;0;0;0;0;0;1;0;0.00150823;0;1;0;0.00128138;0;0;0;0;0;0;0;0;0;0;0;0;0;0;0;0;0;0;0;0;0;0;0;0;0;1;0;0.00128238;0;0;0;0;0;0;0;0;0;1;0;0.045039;0;0;0;0;0;1;0;0.0010208;0;0;0;0;0;0;0;0;0;0;0;0;0;0;0;0;0;0;0;0;0;0;0;0;0;0;0;0;0;0;0;0;0;0;0;0;0;0;0;0;0;0;0;0;0;0;0;0;0;0;0;0;0;0;0;0;0;0;0;0;0;0;0;0;0;0;0;0;0;0;0;0;0;0;0;0;0;0;0;0;0;0;0;0;0;0;1;0;0.00814725;0;0;0;0;0;0;0;0;0;0;0;0;0;0;0;0;0;0;0;0;0;0;0;0;0;0;0;0;0;0;0;0;0;0;0;0;0;0;0;0;0;0;0;0;0;0;0;0;0;0;0;0;0;0;0;0;0;0;0;0;0;0;0;0;0;0;0;0;0;0;0;0;1;0;0.000164862;0;1;0;0.00936774;0;0;0;0;0;0;0;0;0;0;0;0;0;0;0;0;0;1;0;0.00929489;0;0;0;0;0;0;0;0;0;0;0;0;0;0;0;0;0;0;0;0;0;0;2;0;0.0240172;0;0;0;0;0;0;0;0;57;0;2.79501;0,,Downs:6;Ups:0Downs:13;Ups:0,true,10,[[0.08862908 0.91137092]];[[0.00637377 0.99362623]];[[9.33309730e-05 9.99906669e-01]],74,GOOD,3810,0.022882,XTZ,CURVE_BIN_LEARNER,1.007092,0.000000,0.000127,2020-Nov-30 16:12:41,0.977630,1.010204,0.981481,0.991019,0 &1.79769e+308 ,0.0001369 20201123T190000&0.0001521 20201124T053000&0.00014325 20201124T063000&0.0001499 20201124T083000&0.00013585 20201124T100000&0.00013915 20201124T110000&0.0001321 20201124T130000&0.00014195 20201124T193000&0.00013735 20201124T223000&0.00014225 20201125T010000&0.00013625 20201125T050000&0.00013945 20201125T063000&0.00013655 20201125T083000&0.00015295 20201125T160000&0.0001293 20201126T033000&0.00013525 20201126T060000&0.0001311 20201126T073000&0.00013615 20201126T110000&0.0001318 20201126T133000&0.000138 20201126T160000&0.0001307 20201126T170000&0.0001338 20201126T203000&0.00012995 20201127T000000&0.00013505 20201127T050000&0.00013105 20201127T080000&0.0001341 20201127T123000&0.00013085 20201128T000000&0.0001379 20201128T155100&0.0001297 20201129T002100&0.00013595 20201129T080000&0.00012785 20201129T162400&0.0001318 20201129T213300&0.0001289 20201129T225700&0.0001323 20201130T033700&0.00012535 20201130T135037&0.0001287 20201130T140340&0.00012455 20201130T150910&0.0001269 20201130T161241|0.0001521 20201124T053000&0.00014325 20201124T063000&0.0001499 20201124T083000&0.0001321 20201124T130000&0.00014195 20201124T193000&0.00013735 20201124T223000&0.00014225 20201125T010000&0.00013625 20201125T050000&0.00015295 20201125T160000&0.0001293 20201126T033000&0.00013525 20201126T060000&0.0001311 20201126T073000&0.00013615 20201126T110000&0.0001318 20201126T133000&0.000138 20201126T160000&0.00012995 20201127T000000&0.00013505 20201127T050000&0.00013085 20201128T000000&0.0001379 20201128T155100&0.0001297 20201129T002100&0.00013595 20201129T080000&0.00012785 20201129T162400&0.0001323 20201130T033700&0.0001269 20201130T161241|0.0001521 20201124T053000&0.00014325 20201124T063000&0.0001499 20201124T083000&0.0001321 20201124T130000&0.00014225 20201125T010000&0.00013625 20201125T050000&0.00015295 20201125T160000&0.0001293 20201126T033000&0.000138 20201126T160000&0.00012995 20201127T000000&0.0001379 20201128T155100&0.0001297 20201129T002100&0.00013595 20201129T080000&0.0001269 20201130T161241|0.0001521 20201124T053000&0.0001321 20201124T130000&0.00015295 20201125T160000&0.0001293 20201126T033000&0.000138 20201126T160000&0.00012995 20201127T000000&0.0001379 20201128T155100&0.0001269 20201130T161241|0.0001521 20201124T053000&0.0001321 20201124T130000&0.00015295 20201125T160000&0.0001293 20201126T033000&0.000138 20201126T160000&0.0001269 20201130T161241|0.0001521 20201124T053000&0.0001321 20201124T130000&0.00015295 20201125T160000&0.0001269 20201130T161241|0.0001521 20201124T053000&0.0001321 20201124T130000&0.00015295 20201125T160000&0.0001269 20201130T161241,6.9,2.96185,0.841977,0.0434783,0.059237,0.0649759,0.0081205,1.29383,1.09688
Predict;-3.77358;5.18868;-5.18868;3.77358;-3.28638;4.22535;-6.2201;4.78469;58;162;437;204;96;75;34;131;0;0;0;0;0;0;0;0;0;0;0;0;0;0;0;0;0;0;0;0;0;0;0;0;0;0;0;0;0;0;0;0;0;0;0;0;0;0;0;0;0;0;0;0;0;0;0;0;0;0;0;0;0;0;0;0;0;0;0;0;0;0;0;0;0;0;0;0;0;0;0;0;0;0;0;0;0;0;0;0;0;0;0;0;0;0;0;0;0;0;0;0;0;0;0;0;0;0;0;0;0;0;0;0;0;0;0;0;0;0;0;0;0;0;0;0;0;0;0;0;0;0;0;0;0;0;0;0;0;0;0;0;0;0;0;0;0;0;0;0;0;0;0;0;0;0;0;0;0;0;0;0;0;0;0;0;0;0;0;0;0;0;0;0;0;0;0;0;0;0;0;0;0;0;0;0;0;0;0;0;0;0;0;0;0;0;0;0;0;0;0;0;0;1;0;0.0185976;0;0;0;0;0;0;0;0;0;0;0;0;0;0;0;0;0;0;0;0;0;0;0;0;0;0;0;0;0;0;0;0;0;0;0;0;0;0;0;0;0;0;0;0;0;0;0;0;0;0;0;0;0;0;0;0;0;0;0;0;0;0;0;0;0;0;0;0;0;0;0;0;0;0;0;0;0;0;0;0;0;0;0;0;0;0;0;0;0;0;0;0;0;0;0;0;0;0;0;0;0;0;0;0;0;0;0;0;0;0;0;0;0;0;0;0;0;0;0;0;0;0;0;0;0;0;0;0;0;0;0;0;0;0;0;0;0;0;0;0;0;0;0;0;0;0;0;0;0;0;0;0;0;0;0;0;0;0;0;0;0;0;0;0;0;0;0;0;0;0;0;0;0;0;0;0;0;0;0;0;0;0;0;0;0;0;0;0;0;0;0;0;78;6;1.38673;1.5659;2;0;0.0138583;0;7;4;0.037121;0.0024222,,Downs:1;Ups:0Downs:1;Ups:1,true,10,[[2.96414603e-06 9.99997036e-01]];[[0.01050689 0.98949311]];[[0.26592527 0.73407473]],98,OK,1,0.004545,RSR,CURVE_BIN_LEARNER,0.981818,0.000000,0.000001,2020-Nov-30 17:24:00,0.954338,1.013699,0.986364,0.990991,0 &1.79769e+308 ,1.19e-06 20201123T190000&1.25e-06 20201123T223000&1.22e-06 20201124T020000&1.33e-06 20201124T053000&1.28e-06 20201124T063000&1.385e-06 20201124T083000&1.24e-06 20201124T100000&1.275e-06 20201124T103000&1.195e-06 20201124T130000&1.24e-06 20201124T140000&1.215e-06 20201124T150000&1.265e-06 20201124T190000&1.165e-06 20201125T040000&1.205e-06 20201125T083000&1.18e-06 20201125T113000&1.215e-06 20201125T130000&1.05e-06 20201125T230000&1.08e-06 20201126T010000&9.7e-07 20201126T033000&1.025e-06 20201126T060000&9.85e-07 20201126T083000&1.09e-06 20201126T130000&1.015e-06 20201126T170000&1.165e-06 20201127T003000&1.085e-06 20201127T083000&1.11e-06 20201127T090000&1.06e-06 20201127T153000&1.1e-06 20201128T023000&1.06e-06 20201128T083000&1.11e-06 20201128T120000&1.085e-06 20201128T124500&1.165e-06 20201128T150600&1.125e-06 20201128T153300&1.16e-06 20201128T155700&1.135e-06 20201128T161800&1.17e-06 20201128T163600&1.135e-06 20201128T170600&1.16e-06 20201128T180300&1.07e-06 20201128T213300&1.11e-06 20201128T234200&1.07e-06 20201129T004200&1.13e-06 20201129T032700&1.085e-06 20201129T071800&1.12e-06 20201129T081200&1.04e-06 20201129T205800&1.1e-06 20201129T212600&1.06e-06 20201129T222400&1.115e-06 20201130T010600&1.08e-06 20201130T011900&1.11e-06 20201130T042400&1.06e-06 20201130T082300&1.1e-06 20201130T114700&1.065e-06 20201130T132318&1.11e-06 20201130T143832&1.045e-06 20201130T151253&1.11e-06 20201130T172748&1.1e-06 20201130T172400|1.19e-06 20201123T190000&1.33e-06 20201124T053000&1.28e-06 20201124T063000&1.385e-06 20201124T083000&1.195e-06 20201124T130000&1.265e-06 20201124T190000&1.165e-06 20201125T040000&1.215e-06 20201125T130000&9.7e-07 20201126T033000&1.025e-06 20201126T060000&9.85e-07 20201126T083000&1.09e-06 20201126T130000&1.015e-06 20201126T170000&1.165e-06 20201127T003000&1.06e-06 20201127T153000&1.1e-06 20201128T023000&1.06e-06 20201128T083000&1.165e-06 20201128T150600&1.125e-06 20201128T153300&1.17e-06 20201128T163600&1.07e-06 20201128T213300&1.11e-06 20201128T234200&1.07e-06 20201129T004200&1.13e-06 20201129T032700&1.085e-06 20201129T071800&1.12e-06 20201129T081200&1.04e-06 20201129T205800&1.1e-06 20201129T212600&1.06e-06 20201129T222400&1.115e-06 20201130T010600&1.06e-06 20201130T082300&1.1e-06 20201130T114700&1.065e-06 20201130T132318&1.11e-06 20201130T143832&1.045e-06 20201130T151253&1.1e-06 20201130T172400|1.19e-06 20201123T190000&1.385e-06 20201124T083000&1.195e-06 20201124T130000&1.265e-06 20201124T190000&1.165e-06 20201125T040000&1.215e-06 20201125T130000&9.7e-07 20201126T033000&1.09e-06 20201126T130000&1.015e-06 20201126T170000&1.165e-06 20201127T003000&1.06e-06 20201127T153000&1.17e-06 20201128T163600&1.07e-06 20201128T213300&1.13e-06 20201129T032700&1.04e-06 20201129T205800&1.115e-06 20201130T010600&1.06e-06 20201130T082300&1.11e-06 20201130T143832&1.045e-06 20201130T151253&1.1e-06 20201130T172400|1.19e-06 20201123T190000&1.385e-06 20201124T083000&1.195e-06 20201124T130000&1.265e-06 20201124T190000&9.7e-07 20201126T033000&1.09e-06 20201126T130000&1.015e-06 20201126T170000&1.165e-06 20201127T003000&1.06e-06 20201127T153000&1.17e-06 20201128T163600&1.07e-06 20201128T213300&1.13e-06 20201129T032700&1.04e-06 20201129T205800&1.115e-06 20201130T010600&1.045e-06 20201130T151253&1.1e-06 20201130T172400|1.19e-06 20201123T190000&1.385e-06 20201124T083000&9.7e-07 20201126T033000&1.09e-06 20201126T130000&1.015e-06 20201126T170000&1.165e-06 20201127T003000&1.06e-06 20201127T153000&1.17e-06 20201128T163600&1.04e-06 20201129T205800&1.115e-06 20201130T010600&1.045e-06 20201130T151253&1.1e-06 20201130T172400|1.19e-06 20201123T190000&1.385e-06 20201124T083000&9.7e-07 20201126T033000&1.165e-06 20201127T003000&1.06e-06 20201127T153000&1.17e-06 20201128T163600&1.04e-06 20201129T205800&1.1e-06 20201130T172400|1.385e-06 20201124T083000&9.7e-07 20201126T033000&1.165e-06 20201127T003000&1.06e-06 20201127T153000&1.17e-06 20201128T163600&1.1e-06 20201130T172400,9.9,3.15847,3.37175,0.111111,0.0631694,0.0396116,0.544615,0.936834,0.627069
Predict;-7.85692;6.75634;-7.97774;3.88064;-3.09959;5.30919;-4.6189;1.26524;498;530;750;12;53;3;38;157;1;0;0.01665;0;0;0;0;0;2;0;0.00945313;0;0;1;0;0.0013312;0;0;0;0;0;0;0;0;2;0;0.0399573;0;0;1;0;0.0358651;1;0;0.11192;0;0;0;0;0;0;1;0;0.00106464;0;0;0;0;0;0;0;0;2;1;0.0113417;0.49905;1;0;0.0951808;0;0;0;0;0;0;0;0;0;0;0;0;0;0;0;0;0;0;1;0;0.001665;0;0;0;0;0;0;0;0;1;1;0.151923;0.00379506;1;0;0.024283;0;2;0;0.0164218;0;0;0;0;0;0;1;0;0.00093268;2;0;0.336495;0;3;0;0.100308;0;0;2;0;0.00119808;1;0;0.00196293;0;1;0;0.00196293;0;1;3;0.770267;0.0921912;0;0;0;0;0;0;0;0;0;0;0;0;0;0;0;0;0;0;0;0;0;1;0;0.0108127;0;1;0;0.00103137;0;0;0;0;0;0;0;0;1;0;0.020567;0;1;0;0.0340454;0;0;0;0;0;0;0;0;0;0;0;0;0;0;0;0;0;0;2;0;0.00808856;0;0;0;0;0;0;0;0;0;0;0;0;0;0;0;0;0;0;0;0;0;0;0;0;2;0;0.163937;0;0;0;0;0;0;2;0;0.0182534;0;1;0;0.00476333;0;0;0;0;1;0;0.00103199;0;0;0;0;0;0;0;0;0;0;0;0;0;0;0;0;0;0;0;0;0;0;0;0;0;0;0;0;0;0;0;0;0;4;1;0.0715735;0.179021;0;0;0;0;3;1;0.00259454;0.0281464;0;2;0;0.136947;0;1;0;0.0517992;0;0;0;0;2;0;0.0710195;0;2;1;0.0251113;0.00279468;0;0;0;0;0;0;0;0;0;1;0;0.032448;0;0;0;0;2;1;0.214525;0.144602;0;0;0;0;0;0;0;0;0;0;0;0;0;0;0;0;0;2;0;0.144235;0;0;0;0;0;0;0;0;0;0;0;0;0;0;0;0;1;0;0.0167348;0;9;0;0.0841811;0;1;1;0.00103106;0.00941541;2;1;0.0165585;0.0424398;0;0;0;0;0;0;0;0;0;0;0;0;48;0;0.815099;0;2;9;0.0344726;0.31652,,Downs:0;Ups:0Downs:2;Ups:0,true,10,[[0.20465648 0.79534352]];[[0.35785139 0.64214861]];[[0.1817767 0.8182233]],142,OK,6834,0.023806,XRP,CURVE_BIN_LEARNER,1.002408,23.000000,0.000033,2020-Nov-30 18:10:20,0.973656,1.033118,0.999849,0.976341,0 &1.79769e+308 ,2.8755e-05 20201123T190000&3.3205e-05 20201123T233000&3.121e-05 20201124T010000&3.958e-05 20201124T053000&3.7395e-05 20201124T063000&3.8585e-05 20201124T080000&3.2305e-05 20201124T100000&3.3415e-05 20201124T110000&3.169e-05 20201124T123000&3.438e-05 20201124T140000&3.357e-05 20201124T150000&3.8055e-05 20201124T193000&3.58e-05 20201124T223000&3.6695e-05 20201124T233000&3.355e-05 20201125T023000&3.6065e-05 20201125T113000&3.4955e-05 20201125T140000&3.678e-05 20201125T153000&3.2475e-05 20201125T203000&3.4025e-05 20201125T213000&3.306e-05 20201125T230000&3.4115e-05 20201126T003000&3.0895e-05 20201126T033000&3.154e-05 20201126T060000&2.924e-05 20201126T083000&3.159e-05 20201126T110000&2.848e-05 20201126T170000&2.907e-05 20201126T180000&2.837e-05 20201126T190000&3.3145e-05 20201127T013000&3.162e-05 20201127T030000&3.2565e-05 20201127T053000&3.058e-05 20201127T083000&3.315e-05 20201128T010000&3.21e-05 20201128T043000&3.652e-05 20201128T160600&3.473e-05 20201128T170900&3.6135e-05 20201128T183300&3.4635e-05 20201128T205700&3.582e-05 20201128T233600&3.3395e-05 20201129T013600&3.491e-05 20201129T030300&3.402e-05 20201129T061200&3.528e-05 20201129T080600&3.271e-05 20201129T162400&3.361e-05 20201129T172400&3.2775e-05 20201129T195800&3.3765e-05 20201129T211600&3.307e-05 20201129T222000&3.492e-05 20201130T011400&3.2715e-05 20201130T093600&3.3655e-05 20201130T120700&3.234e-05 20201130T134446&3.3595e-05 20201130T135717&3.2585e-05 20201130T145047&3.4315e-05 20201130T145429&3.28e-05 20201130T153302&3.4025e-05 20201130T161625&3.322e-05 20201130T181020|2.8755e-05 20201123T190000&3.3205e-05 20201123T233000&3.121e-05 20201124T010000&3.958e-05 20201124T053000&3.7395e-05 20201124T063000&3.8585e-05 20201124T080000&3.2305e-05 20201124T100000&3.3415e-05 20201124T110000&3.169e-05 20201124T123000&3.8055e-05 20201124T193000&3.355e-05 20201125T023000&3.6065e-05 20201125T113000&3.4955e-05 20201125T140000&3.678e-05 20201125T153000&3.2475e-05 20201125T203000&3.4115e-05 20201126T003000&2.924e-05 20201126T083000&3.159e-05 20201126T110000&2.837e-05 20201126T190000&3.3145e-05 20201127T013000&3.058e-05 20201127T083000&3.315e-05 20201128T010000&3.21e-05 20201128T043000&3.652e-05 20201128T160600&3.473e-05 20201128T170900&3.6135e-05 20201128T183300&3.4635e-05 20201128T205700&3.582e-05 20201128T233600&3.3395e-05 20201129T013600&3.528e-05 20201129T080600&3.271e-05 20201129T162400&3.492e-05 20201130T011400&3.234e-05 20201130T134446&3.3595e-05 20201130T135717&3.2585e-05 20201130T145047&3.4315e-05 20201130T145429&3.28e-05 20201130T153302&3.322e-05 20201130T181020|3.3205e-05 20201123T233000&3.121e-05 20201124T010000&3.958e-05 20201124T053000&3.169e-05 20201124T123000&3.8055e-05 20201124T193000&3.355e-05 20201125T023000&3.678e-05 20201125T153000&3.2475e-05 20201125T203000&3.4115e-05 20201126T003000&2.924e-05 20201126T083000&3.159e-05 20201126T110000&2.837e-05 20201126T190000&3.3145e-05 20201127T013000&3.058e-05 20201127T083000&3.652e-05 20201128T160600&3.473e-05 20201128T170900&3.6135e-05 20201128T183300&3.3395e-05 20201129T013600&3.528e-05 20201129T080600&3.271e-05 20201129T162400&3.492e-05 20201130T011400&3.234e-05 20201130T134446&3.4315e-05 20201130T145429&3.322e-05 20201130T181020|3.3205e-05 20201123T233000&3.121e-05 20201124T010000&3.958e-05 20201124T053000&3.169e-05 20201124T123000&3.8055e-05 20201124T193000&3.355e-05 20201125T023000&3.678e-05 20201125T153000&3.2475e-05 20201125T203000&3.4115e-05 20201126T003000&2.924e-05 20201126T083000&3.159e-05 20201126T110000&2.837e-05 20201126T190000&3.3145e-05 20201127T013000&3.058e-05 20201127T083000&3.652e-05 20201128T160600&3.3395e-05 20201129T013600&3.528e-05 20201129T080600&3.271e-05 20201129T162400&3.492e-05 20201130T011400&3.234e-05 20201130T134446&3.322e-05 20201130T181020|3.3205e-05 20201123T233000&3.121e-05 20201124T010000&3.958e-05 20201124T053000&3.169e-05 20201124T123000&3.8055e-05 20201124T193000&3.355e-05 20201125T023000&3.678e-05 20201125T153000&2.924e-05 20201126T083000&3.159e-05 20201126T110000&2.837e-05 20201126T190000&3.3145e-05 20201127T013000&3.058e-05 20201127T083000&3.652e-05 20201128T160600&3.271e-05 20201129T162400&3.492e-05 20201130T011400&3.234e-05 20201130T134446&3.322e-05 20201130T181020|3.958e-05 20201124T053000&3.169e-05 20201124T123000&3.8055e-05 20201124T193000&3.355e-05 20201125T023000&3.678e-05 20201125T153000&2.924e-05 20201126T083000&3.159e-05 20201126T110000&2.837e-05 20201126T190000&3.3145e-05 20201127T013000&3.058e-05 20201127T083000&3.652e-05 20201128T160600&3.322e-05 20201130T181020|3.958e-05 20201124T053000&3.169e-05 20201124T123000&3.8055e-05 20201124T193000&3.355e-05 20201125T023000&3.678e-05 20201125T153000&2.924e-05 20201126T083000&2.837e-05 20201126T190000&3.652e-05 20201128T160600&3.322e-05 20201130T181020,11.8,2.92278,0.246714,0.271186,0.0584557,0.443317,0.504547,11.2513,7.58382
